,Factor1,Factor2,Factor3,Factor4,Factor5,Factor6,Factor7,Factor8,Factor9,Factor10
ID,0.06416576261216722,-0.010029468106364634,-0.06226827206863028,-0.01966955959086598,0.0007276493152431658,-0.08204636918284695,-0.13558359271390252,0.011063121208012217,-0.11475647194086744,0.08439433620791262
"Indelingswijziging gemeente, wijk, buurt",0.024329699528333654,0.037798747111799945,0.0013457682207162682,-0.07450281060997223,0.03689706142890597,0.018763605919955424,-0.04174737350034046,-0.024558335605998335,-0.032079001023582514,0.007497109442534993
Aantal inwoners,0.030253280164523548,0.03044981155533888,0.9968616179217877,-0.003035403895672417,0.018980746334651244,-0.026744743018614976,0.02655694933064155,-0.012425849899806938,-0.016759038636184033,-0.01347830865713853
Mannen,0.030446080980941103,0.028842184754721993,0.9967774985265613,-0.00345950419889624,0.019302491338007776,-0.026801608832610915,0.025550995285610594,-0.011330687332697235,-0.016565196179100922,-0.01293801944985787
Vrouwen,0.030091666178085875,0.032048268013679965,0.9968261418278206,-0.002641242622122838,0.018632582147527006,-0.026662564153139775,0.02753016801133231,-0.013495964014628128,-0.016888103300629967,-0.014041400825511089
0 tot 15 jaar,0.031189137751217417,0.017734414838971292,0.9918505023240638,-0.005777533265563207,0.02026697651446617,-0.032164949329849514,0.03831642718344207,-0.027084628988794948,-0.01867033171945251,-0.014576296025965095
15 tot 25 jaar,0.026437706529085028,0.0471436864983789,0.9855927329714491,-0.0053184826236386375,0.014490661322594654,-0.015183753575174765,0.010013510477597597,0.006409787225314851,-0.009198758005233915,-0.016336794627501303
25 tot 45 jaar,0.027784280771885175,0.04773026462323713,0.9914871617548692,-0.00539864959973405,0.01486732556356618,-0.019579787553967255,0.016044839463353135,-0.010727933330509335,-0.01531933661331468,-0.01762010889834916
45 tot 65 jaar,0.03162011321284262,0.016269586702249247,0.9930783733922602,-0.0027836068335069792,0.0216629456966244,-0.030942232430941154,0.02844364318458562,-0.01329229892337375,-0.016558404836875377,-0.010332800577420179
65 jaar of ouder,0.032097292508471556,0.02665307235855076,0.9872911145326644,0.0022444929063348985,0.021593417315246322,-0.03160996642646953,0.036395659049259316,-0.014222967391522194,-0.021141574228119995,-0.010112184417386668
Ongehuwd,0.027562209012725283,0.04304545832616779,0.9933686096212601,-0.0051236834735427115,0.015241067507857397,-0.018898171562346307,0.015366355159329818,-0.007008009302415022,-0.013626871564992383,-0.016047600605012882
Gehuwd,0.03358455171060624,0.006709200321903236,0.9836633484557308,-0.0012269182600349886,0.024507166345940204,-0.0377593683904945,0.04095230860188234,-0.01746112807939682,-0.019216448587247855,-0.008773947699173687
Gescheiden,0.027765181949412,0.05357194285039695,0.9930175602725518,-0.00204740412883544,0.01359370919554935,-0.020387484731801332,0.01801682206541674,-0.016967386467136313,-0.016830635679566275,-0.01794270588007459
Verweduwd,0.03237429144633473,0.03716950034391077,0.9774616186347853,0.0020265574036556185,0.02139788592758992,-0.029627893786580765,0.040320123644870816,-0.019843804456831295,-0.026015194289429763,-0.013605991677778881
Nederland,0.032016040860141044,0.020307761894992296,0.9923836371700644,-0.002825763246971152,0.02193055706688237,-0.031793471690408345,0.030575673159443616,-0.012762198778366563,-0.019166150761966528,-0.011809641896642638
Europa (exclusief Nederland) ,0.02224326304732067,0.06565699007374644,0.9631836393961246,-0.005935807896883113,0.009946391585231862,-0.005591601416247214,0.0006587354467396565,0.002348413679746199,-0.004066644424183597,-0.008337655993517459
Buiten Europa ,0.018084798009395237,0.0842737192191547,0.9212460104134943,-0.0029156995091892423,-0.0002699031112485617,0.0031886984970177813,0.006768947298744531,-0.01569891026939912,-0.003164104318008955,-0.026615442623966253
Nederland.1,0.03200684093846226,0.020310605367771406,0.992382755724478,-0.0028251453397494597,0.021937683393121438,-0.03180867230888475,0.03056215857781215,-0.012771592611233616,-0.019152550827310284,-0.011815560866012027
Europa (exclusief Nederland) .1,0.025112725303288383,0.0543838439989847,0.9819811921572106,-0.0044842172757643085,0.011998718760600364,-0.018020316506702043,0.013107072674989758,-0.013006353700032789,-0.007749749084393579,-0.014614664856821093
Buiten Europa .1,0.01765972431645205,0.07890565221372144,0.9141707584983114,-0.0011138387942384704,-0.0006548009841646213,0.0002018286326184496,0.0027281109024946976,-0.01868113558868995,-0.001724737575290374,-0.026511405157014577
Europa (exclusief Nederland),0.020122027312825756,0.07232271024572236,0.9366652767877591,-0.006936607601278456,0.008944257914454624,0.002396554355324925,-0.007028791191999227,0.011362790817000874,-0.0020071407468408987,-0.004525643042746025
Buiten Europa,0.018188104106356948,0.0878299161648055,0.9235718583427855,-0.004147518239759001,-0.0005261129616852792,0.005189086691330321,0.009836229772068173,-0.01383556503645218,-0.004344235209924677,-0.026450535732629718
Huishoudens totaal,0.028220465563490216,0.047333315060015604,0.9957478846403494,-0.00308346516672007,0.015757537309872633,-0.02070885759619785,0.015569843672661201,-0.005921576508605719,-0.014972697178108004,-0.014972834890433427
Eenpersoonshuishoudens,0.023023190367077964,0.08173144633291841,0.968834950827997,-0.0038933825761406117,0.00849968063023602,-0.00514964497896802,-0.005946223073255582,0.007390879828028539,-0.011163786314965736,-0.018533568550358467
Huishoudens zonder kinderen,0.03127641193659181,0.0246706886575068,0.9948972907562181,-0.00044818969890153353,0.021070857301530303,-0.030901501636390327,0.02744807380250641,-0.008005330366811983,-0.016734999785078246,-0.009658130030479231
Huishoudens met kinderen,0.031403757983209456,0.017212971468109548,0.9922635354619666,-0.004275789379124086,0.0205577902633822,-0.03272067925672329,0.034992867035714414,-0.0233541307504371,-0.018063405564957384,-0.014449665204559922
Gemiddelde huishoudensgrootte,-0.1263525910078424,-0.5654595091827618,-0.10197231658797522,-0.16676438900443558,-0.07308956507742023,-0.015466925104679442,0.022828335862151213,-0.055562700868818336,0.06317220950907729,-0.12253236376782348
Bevolkingsdichtheid,0.07210921173651458,0.8633519465625659,-0.005201979546464121,0.1456759910779593,0.014238922619554216,-0.04391391004630984,0.0009430216847783516,0.04076292804458214,-0.011892788318389637,-0.10754885177963501
Woningvoorraad,0.028755496496038965,0.045691126322296716,0.9968017601175505,-0.003120429536887132,0.01659168939045397,-0.02242794513947782,0.017848999688924325,-0.007096003719560519,-0.014950944585778319,-0.01467616127439346
Niet-woningvoorraad,0.031012511993472897,0.029918432931112387,0.9410280739424666,-0.02829799535313752,0.02817428619173103,0.013719415826283166,0.018902310892122687,0.005522509135048001,-0.006585960575443827,0.04636295917374381
Gemiddelde WOZ-waarde van woningen,-0.1199968695291113,-0.5676636663292537,-0.10404358931360841,-0.014219561716069582,-0.08307979249886491,0.16376682060501063,-0.04978515213367401,0.026344089896940755,0.29930087543780093,0.010190622634498058
Percentage eengezinswoning,-0.06017760323694634,-0.6646345655382175,-0.12361103922393464,-0.09973577469473757,-0.01529416231525003,-0.14435894719990325,0.05304824805012591,-0.1339724042963037,-0.07603296671585716,-0.01779272254909205
Percentage tussenwoning (eengezins),0.09132986350504815,0.5800275010575033,0.15936947098089052,0.06570326700972426,0.03318869900766935,-0.12950743923101596,0.14221114969845705,-0.34140994381401385,-0.04193511878125479,-0.09584112416500255
Percentage hoekwoning (eengezins),0.11609452385541547,0.4673950513506251,0.14358598547500429,0.04954719790189016,0.08273354625694224,-0.23084275811616276,0.20434380551535156,-0.3583312192604092,-0.13594245207447425,-0.05266457501636792
Percentage twee-onder-één-kap-woning (ee,0.14850334623529576,-0.09965051403904239,-0.013952646764908488,0.012415775116813849,0.18003294358624625,-0.37970442341690946,0.1298213053676704,-0.07553519957983501,-0.13868827377671408,0.16547924757791432
Percentage vrijstaande woning (eengezins,-0.14367278048917145,-0.745676078568689,-0.172013231178848,-0.07670723748523027,-0.09018128878834634,0.18541515856438429,-0.13115811728453153,0.21313680384036066,0.06979820897988427,-0.04467568659955735
Percentage meergezinswoning,0.060008872158346015,0.6645528464984661,0.12358863361057941,0.09965888105805401,0.015133221148112105,0.14439002448740906,-0.05308120436630798,0.13404958554813654,0.07597981701418315,0.01771571826106806
Onbewoonde woningen,-0.06530615066422131,-0.04758036997368178,-0.029825914945987436,-0.0920469015761323,0.0024110475186552233,0.1779123723007785,-0.0879952708700396,0.09271982081034859,0.28863481355433124,0.12515487300820535
Koopwoningen,-0.09023559682964408,-0.7323039892616825,-0.1525741352651469,-0.08854938103162616,-0.027643223049771303,-0.06141581853025286,-0.009549950438008235,0.0827943017943217,0.05871764496329194,0.060595454940227986
Huurwoningen totaal,0.0908359731759731,0.7327785050989002,0.15283382384952723,0.08932302612328534,0.027111826337826654,0.06131442817392352,0.00923170624949807,-0.0831896975928704,-0.06309848083234097,-0.06326063929440086
In bezit woningcorporatie,0.09947259417039503,0.567358986519856,0.15230564780271819,0.11710144500967498,0.04218712400016716,-0.08265461634217311,0.11896952633971686,-0.29371767511193775,-0.16953126452508543,-0.12050425804790003
In bezit overige verhuurders,0.015924996427735996,0.40595578684885375,0.038058961759396194,-0.008352802154924378,-0.007117732246750224,0.21923778525200993,-0.15116738437672345,0.2884868021496966,0.14167990028631983,0.06028039781146943
Bouwjaar meer dan tien jaar geleden,-0.04733692152880545,-0.06179553557914491,-0.018221038076074024,0.05063413057050099,-0.051091538645352104,-0.003923385584325605,0.004244663048596754,0.19666721458620642,-0.10006039296349371,-0.04895578298340086
Bouwjaar afgelopen tien jaar,0.04667795940273995,0.06192633335558735,0.01817861544483397,-0.05049627268860499,0.0511412045023236,0.004072718162600148,-0.004508795453915573,-0.19665092661224756,0.10005525251657356,0.04895282040033006
Personenauto's totaal,0.032274667769268794,0.016636687292458284,0.9865151848128144,-0.0028429016395514683,0.023286620047097945,-0.03326822584889652,0.029692479338230025,-0.015284853513150055,-0.019625392354425272,-0.010481542386482166
Personenauto's; brandstof benzine,0.03234697209109396,0.021198188851120674,0.9905496576984715,-0.0024150939689615808,0.02261773910843251,-0.03349495046916306,0.030266093094564957,-0.016259095564506065,-0.02157034424776014,-0.011969044405108613
Personenauto's; overige brandstof,0.03172921434768224,0.004101651539978411,0.9622568815959306,-0.003905305695221318,0.0248070105451005,-0.032168558473841154,0.02772056971797675,-0.012540344285698633,-0.014332726052300817,-0.006388761866930993
Personenauto's per huishouden,-0.047891839510582006,-0.669937950230875,-0.09878386061737386,0.024879375133289312,0.030548185513641843,-0.007689808758668933,0.038060465031923126,-0.01036244504618466,0.023613613986726855,0.03173700720994578
Personenauto's naar oppervlakte,0.053393530185458705,0.8170198207993938,-0.03991150213454725,0.14916160876131546,-0.018920237136755193,-0.11916635002529927,0.03555516893814769,-0.045408174148979026,-0.04379706471396516,-0.04701710513116884
Motorfietsen,0.0358156377718683,-0.008244850337733952,0.9601832211359628,-0.0012261391741386393,0.03227979129334197,-0.04055610475634321,0.018219204781387832,-0.01019320119622403,-0.031065555379446153,-0.00575346099437527
Oppervlakte totaal,0.01783251195226223,-0.07608080662227634,0.6722023928547864,-0.03361769175101561,0.021134387359644055,0.04142729112020276,-0.07055305903625148,0.004678099046033446,-0.0017099661373221513,0.024665280916980135
Oppervlakte land,0.02027963139425308,-0.10867670688157283,0.7945370979661714,-0.03906014279554854,0.01752773504312061,0.08148868761986361,-0.07349476772138164,0.008727741129470099,-0.014040025982606126,0.02523254692518375
Oppervlakte water,0.009791426583990273,-0.01813908070595797,0.3396096407049628,-0.01753828720105119,0.01871955504627684,-0.012363908893940467,-0.04574486817019487,-0.0005920431487904822,0.010542993530424347,0.016895545067036118
Dekkingspercentage,-0.031171040662661652,0.021145184444092083,-0.04076395577711352,-0.08248076296624715,-0.03419221286912973,0.08035615308945974,0.004792733326504417,-0.14193233261457983,0.049377487760273855,0.15478016351001792
Mate van stedelijkheid,-0.053297264490061565,-0.7936165909913648,-0.1507224797040392,-0.08435838738687146,-0.009515212505279879,-0.044263527254355985,-0.024946943176232993,0.040720199496758765,-0.059557835154910456,0.14588375669812467
Omgevingsadressendichtheid,0.06371519399762149,0.8270621489683735,0.13438533681362086,0.07490243404253476,0.018441397961127204,0.06513327028011993,-0.02802297005792813,0.07347107495605823,0.06775904451923356,-0.12411073041423036
OBJECTID,-0.044148862389539426,-0.26170827963909543,0.015083264953115067,-0.41922714382815235,0.004759299637354472,-0.12176119701267257,0.012536775117567425,0.12511928903436006,0.005907242768600724,0.008213825583548974
BEV_DICHTH,0.07702243631031933,-0.03332703490250931,0.034927082899795237,0.14044114811083758,0.0730313121195022,0.0020805942392364708,0.004454142817447947,0.10068231441648147,0.022249689217774895,-0.28590685351793405
AANT_INW,0.08498980429975467,0.42474418280760273,0.033528297713335445,0.1772923917897166,0.027948780842098276,0.04613919073051569,0.5825486844392673,-0.19274292274337984,-0.0011432763438872476,-0.17016963896560686
G_WOZ,-0.14841849546243932,-0.596520130418953,-0.027945281707527386,0.006852699773532819,-0.10768872684671953,0.257222193659289,-0.0923277022817223,0.015918463456072823,0.28714545225914273,0.015473670337339793
HuurwTperc,0.08348832692096407,0.7789605545843562,0.0013196843867256112,0.11542999647415297,0.014437048920553176,0.062245787682017995,0.06361380442408272,-0.07003161507587864,-0.05720328401382791,-0.048283471509765814
F18MoeiteMe,0.06793576791192811,0.7344963407494495,-0.009437249203345226,0.039858474443762656,0.027907443916702166,0.06094044233742379,-0.01502345869669593,3.7783752153696e-06,-0.12825580719171542,-0.055299298317215605
Paal_Huidig,-0.017216199999328455,0.19277948556553723,-0.06613752203693912,-0.26374214413052127,-0.10732467542803914,0.08255862452909436,-0.14834882950980932,0.6765481213674447,-0.013470633886485322,-0.048578766336653985
Paal_2050_Laag,-0.021241748995575217,0.1813378304613189,-0.06703804758984507,-0.2703180588445097,-0.107451176837677,0.08002429264770626,-0.15218106502121773,0.6709891932261984,-0.004961616545039121,-0.05179193757021621
Paalrot_2050_Hoog,-0.025746056340177556,0.15313287199486894,-0.06868416168470673,-0.2867193460953246,-0.11321968167688293,0.0757589180974225,-0.15608180250738554,0.6508850813928799,-0.0016056981439378194,-0.05388930366023396
Verschilzetting_2050_Laag,-0.17746590988793892,-0.04734182764417083,-0.04451518608156516,-0.06579200313057687,-0.12288717870461072,0.004923361633810765,-0.017432994625052493,-0.10308540873539775,0.4575100893797407,-0.002528934391924671
Verschilzetting_2050_Hoog,-0.18768156804015174,-0.0581678159833768,-0.04914153892654981,-0.08882629664458248,-0.13983764750218844,0.011593395519440686,-0.022304409725731493,-0.08823517334379426,0.4678534473296023,-0.012499305161062475
perc5_10mm,-0.09162698991027585,0.4130388318817495,-0.0055482179625436535,0.04875599624429252,-0.021564785067471476,0.22652010459771887,-0.0794298750176887,-0.4349351799843107,0.11413119345269372,0.016943984758665993
perc10_15mm,-0.025594580501375867,0.6648399586517876,-0.008016733292575535,0.11453190826529018,0.0040683545802009955,0.10432443345911142,-0.046544070496051804,-0.3849606895949355,-6.337896662033829e-05,-0.007807017140074752
perc15_20mm,0.02361369882254677,0.726073302634355,-0.011356152752604556,0.15027056338665878,0.012861123609082141,0.028782635342285215,-0.0024604829279610617,-0.32302757360566847,-0.09030253837265415,0.03152364548384882
perc20_30mm,0.06720064595532009,0.6020236342907447,-0.03637686451028869,0.17805022425566455,0.020924015519884674,-0.0260618498616033,0.019229539143288555,-0.17187612374136266,-0.1742956489529345,0.18281369550649218
perc30mmME,0.07819800551223512,0.2968451916833283,-0.046463972609001813,0.12481670525860136,0.0022607447644273655,0.0037692683877282346,0.021104137688013235,0.044704357402066776,-0.21913945944572075,0.40215389696503395
percNODATA,0.01776987416685931,-0.636085066318111,0.0029234451915893583,-0.11809783474309704,-0.007043305707868678,-0.11935961012286302,0.053355876869781466,0.393333958966618,0.02359165287957773,-0.07961653290141571
P_H_SOCMIN,0.003372814021643337,0.6069211536010729,-0.00046143939715648404,0.019871367978361806,-0.03906356084740586,0.08748799445976817,-0.02513319849395438,-0.07383620990963091,-0.06207611302839341,-0.11198346108224054
GLGHuidigMean,0.18179308379207937,0.28498073219121617,-0.0046962909318580106,0.2013067274466062,0.0861004154042117,-0.09930506847323708,0.047626068061864014,0.27509894677480173,-0.5668936420507122,0.15100153547506587
GLG2050HoogMean,-0.035387588678008015,-0.1230827078716828,0.011270440752752138,-0.2708642622229728,-0.02612377253312024,0.002584348340503437,0.028663461736417494,0.10529895864754472,0.1745041992600629,0.08946764895248001
GHGMean,0.14392036007457767,0.3299833923069077,-0.02363334528891231,0.26317978479588705,0.0757522319523811,-0.09775192289800297,0.1036960096300092,0.2537274826410835,-0.4520564467082208,0.1654980035068454
HG3MaxHuidig,0.1277944877938702,0.3879696071406876,-0.027560643568862325,0.09165508741571263,0.0691077238758605,-0.11898039801674945,0.1345022406512933,0.24910188042675346,-0.36205838272921204,0.1722914137630998
LG3MaxHuidig,0.18544697237264923,0.2666361181431015,-0.007217278964133601,0.18461344971092872,0.08189182392574239,-0.09120039393547975,0.03395749738130968,0.2725154180159343,-0.5719877829209603,0.1458564984766583
P_schaduw_fw,0.02461883107729066,0.08423650680573119,0.007937959748915232,0.6744881026406241,0.02159086881093657,0.052799949565989907,-0.035961715674199944,0.13700236658835477,-0.07731148892474164,-0.13766461200558297
SUM_Shape_Area,0.07489208029897128,0.20370520654138977,0.048960765363299824,0.1749426668312664,0.010641738492109367,0.41065718672832996,0.5496123689286829,-0.09295139376419195,-0.02284985079654067,0.04065052251145519
Oppervlakte_Totaal_m2,-0.04218421419490719,-0.3312957078138737,-0.041464859654264094,-0.06056864517743773,-0.09767939644777683,0.8886659748230339,0.007060027448558264,0.036228862920561426,0.138102285923852,0.010616592556439862
Oppervlakte_Land_VSK_m2,-0.032063854241655754,-0.33056519840578363,-0.04244777003625547,-0.05202984818204261,-0.1006244734220006,0.8990244290236181,0.00665746851042424,0.03553290784097542,0.05307453103599881,0.0065500887869586084
Oppervlakte_Water_VSK_m2,-0.09416288487188305,-0.19682401611200015,-0.02740447778404693,-0.08724455738324176,-0.04833850350184722,0.4575352398811648,0.012356520087705726,0.024755251327212298,0.5959704869695834,0.02949111413041199
Oppervlakte_Openbaar_m2,0.02243167802437935,-0.04966357286787572,-0.0070103059999973615,0.030213728221587435,-0.07116520520937653,0.6708041969967707,0.04257117624310321,-0.12418407352522617,-0.08119114563856258,0.4032725860910787
Oppervlakte_NietOpenbaar_m2,-0.05620760567874832,-0.39106031011272113,-0.05793502376416086,-0.0810963600816045,-0.09280548719855618,0.7385526293302238,-0.024655705608746598,0.11811541167942706,0.10986112792236866,-0.22654821162015126
Groen_PerInwoner_m2,-0.04169259452095337,-0.05442464326503762,-0.019369715134703536,0.02426131569893146,-0.11039635305831463,0.375569980296573,-0.07640109448895258,-0.12397973892683352,-0.01585513676154978,0.4075857549497033
Groen_PercLand,0.09153794737744071,0.23044244314774756,0.0013890888724664339,0.6561825481473402,0.084046406711474,-0.07337173907255107,0.15234845979833367,-0.28068064942299853,0.08007474607131282,0.4326121905786642
Groen_Openbaar_PercOpenbaar,-0.14049038638296257,-0.5835430621193728,0.01677248653211932,0.24177192263009217,-0.04881781538660063,0.09490209979922291,-0.11424204878864506,-0.05565874953554748,0.16365544863136539,-0.16976534936006749
Groen_NietOpenbaar_PercNO,0.038807559738057835,0.30037300127302236,-0.01544347931370049,0.4443200038520952,0.029127490916413017,-0.07051580261422845,0.08022653890211746,-0.09708870391423445,0.032132672268227386,0.5244148885175544
Steen_PercLand,0.12071875668739256,0.8132459061955437,-0.034354515835229325,0.16784200389989887,0.09888335920518805,-0.2679714361780696,0.22594590462610506,-0.09828308407063928,-0.04962364199873745,0.09152881885548121
Steen_Openbaar_PercOpenbaar,0.10029875861415435,0.8088330598904416,-0.024797126740728308,-0.0493865210460588,0.10741746600665801,-0.2835906723126567,0.07938514251935928,0.0985570980095669,-0.1027711519829732,-0.011252663268622135
Steen_NietOpenbaar_PercNO,0.10104208170870266,0.8256613079111185,-0.05776345226396054,0.18262979668493573,0.05315286652078851,-0.16769140999315346,0.20267942292502955,-0.05080454858734926,0.011348095193026701,0.05330242518083314
Water_VSK_PercTotaal,-0.13734789368695496,-0.08212304771654678,-0.02221248618032354,-0.1061045694963249,0.007876988810802028,0.002068917782009064,0.14305663418395254,0.024967877052457985,0.8460094065665039,0.0967843863240986
Gras_PercLand,0.03681707743510663,0.12881719381781898,-0.023628337103225913,0.0908259970265554,0.029236857256971557,0.038673372630589724,0.16776712144134187,-0.36783609695825714,0.2474393044731851,0.4562430021125574
Struiken_PercLand,0.09645006158229258,0.4701201328924,-0.0012079534009358352,0.48324108557980316,0.08470577165038906,-0.19194320738256299,0.1672709663171369,-0.2418086478302001,0.06737641889846639,0.16653016533101242
Onverhard_PercLand,0.1068010311519017,0.1076183297835209,-0.019732706972108188,0.6647367687982326,0.041944152074071435,-0.11971922968634557,0.08474397658434055,-0.12904022294895412,-0.16170311462334283,0.4412863613889874
Halfverhard_PercLand,0.07021869574945053,0.2614064247848068,-0.031385247142220636,0.09122543671977736,0.033866600280846176,-0.06048965253970746,0.1774448835447943,-0.046552755812575494,0.0541355815825734,0.12520763594179177
Verhard_PercLand,0.12077220017502338,0.8132335699307188,-0.03419043332794355,0.16777530457439255,0.09884509295557017,-0.26810631478491076,0.2255254173420409,-0.09770548959548486,-0.051517194635878935,0.09161184355470323
Gebouwen_VSK_PercLand,0.12421638677231091,0.8614259592809821,-0.03884232436686186,0.13979091810548197,0.0655713055900523,-0.2059686866244077,0.1123969920651902,0.18111412852580028,-0.01949636821341105,0.05981920749376961
Agrarisch_PercLand,-0.1708704599717394,-0.6930836625934563,-0.021481610673570427,-0.3849269269870306,-0.13006693475437434,0.2835053762933011,-0.18131474459220082,0.15319044809781376,0.05455563767186332,-0.3401019623258675
Oppervlakte_Land_ONO_m2,-0.03032992047306854,-0.32980735720587734,-0.04295178530770396,-0.05249046783809373,-0.0998252258411298,0.8993782550218419,0.008951365599313553,0.037094592295226075,0.043534580285083585,0.0068970816531007855
Oppervlakte_Water_ONO_m2,-0.09930210551897317,-0.19884749131051832,-0.0288245961893686,-0.07835225225508485,-0.05601828641492521,0.4627737816164226,0.0016058082163793086,0.016971409332152396,0.6026160411284555,0.02515118756829743
Gebouwen_ONO_PercLand,0.12430282301193764,0.860582305419375,-0.039080045472210584,0.1390250594085336,0.0651145781826884,-0.20586622475916178,0.1125723292937159,0.18042596713789047,-0.017907575079290413,0.0598604172777892
Water_ONO_PercTotaal,-0.14879680666737394,-0.09963459682986066,-0.02523729521880901,-0.09977203504426702,-0.012324047117399541,0.025584888130026368,0.11858159999764428,0.00842023762954519,0.8532577179319968,0.08804000915269677
Oppervlakte_Totaal_m2_BK,0.02859116617285438,0.19051593196024366,0.04021532885638738,0.09843790313231453,0.08515893378473821,-0.027892039473916923,0.9351921023719206,-0.045194834834706425,-0.014142221105664604,0.02403018891595504
Oppervlakte_Land_VSK_m2_BK,0.029353161885154747,0.1897536005997045,0.039033700053703074,0.0988269104844251,0.08546799070917967,-0.025272825115848798,0.9278118157373563,-0.04611724220109096,-0.025838422115711277,0.023781304422982135
Oppervlakte_Water_VSK_m2_BK,0.05150217112754237,0.176799793643472,0.019004845534571043,0.08387625389825783,0.04344607615192199,-0.03680383377703769,0.7668924604726831,-0.025490907095085537,0.17924841493258886,0.021520208412840885
Oppervlakte_Openbaar_m2_BK,0.03389300177909136,0.255740317561425,0.039784166407737194,0.1049801088462775,0.05503552181016971,0.0008947205962242799,0.8665085506663329,-0.10596708959752714,0.011753930278385054,0.014923225688193728
Oppervlakte_NietOpenbaar_m2_BK,0.033549499851077046,0.06942056354450703,0.029140678798420055,0.10831703770649824,0.1010942237572812,-0.03897461188237406,0.8547944022450591,-0.020859023465333786,-0.04717264858756172,0.0284225635151276
Groen_PercLand_BK,0.06037684520662198,-0.24119114337583822,-0.014484880831008668,0.21352345951959012,-0.12631960892603897,0.16059478546790856,-0.06315915357313373,-0.13543849649527803,0.1965588677979935,0.12053703510828352
Groen_Openbaar_PercOpenbaar_BK,0.017576871690344237,-0.3309420627944001,0.002977115069086605,0.13751338638874425,-0.07965194083006769,0.10377262055942525,-0.06580782431639026,-0.09952572744620686,0.07811741212878624,-0.015284930966274356
Steen_PercLand_BK,-0.07943703350149497,0.45617627977650105,0.04033494016186694,-0.14602457794250148,0.1515357930826116,-0.23818788979070493,0.13032118218978705,-0.07071977156907161,-0.011157121749812786,-0.07065244542585665
Steen_Openbaar_PercOpenbaar_BK,-0.06580050239599376,0.5840681604270165,0.016268407138786335,-0.022034998410936174,0.23937807099901803,-0.2018219514147978,0.04915822040753183,0.10101236918438229,-0.058948486242235795,-0.009287988427880763
Water_VSK_PercTotaal_BK,0.049960255334283325,0.03622504942496461,-0.017930362819340587,0.02982193064131341,-0.047174666439389654,0.03353795314233711,0.049280809257004024,0.025215623945858832,0.2224729134685191,-0.0452772255710756
Gras_PercLand_BK,0.07166204951952476,-0.1356230675872761,-0.028297443225698434,-0.06449920364240855,-0.04380444551714063,0.13318701623561174,0.008854552296170971,-0.15828519188724005,0.2577594201754593,0.13237075833135695
Struiken_PercLand_BK,0.012354834348109144,0.0022124115296838667,-0.004507800992312788,0.1722258207660384,-0.08009767110201582,0.03721027867760494,-0.0016928510723672498,-0.08163572526993991,-0.0032277855192976144,0.06083988860680802
Onverhard_PercLand_BK,0.056123744336816966,-0.4226405615135196,-0.03321551381041183,0.2456738466859703,-0.15313714024951613,0.08837878638586494,-0.1220526327256226,0.011556448534524817,-0.12092753172233531,0.04453181581974169
Halfverhard_PercLand_BK,0.05813722433427152,-0.004018446996850299,-0.035842125876193114,-0.008368555963701245,0.04696148518752659,0.11585470356518078,0.0550812552768402,0.004029614652423354,0.049102364922881996,0.022683225373609575
Verhard_PercLand_BK,-0.07955838933112488,0.4560268147671899,0.040391439071845475,-0.14573386819554354,0.15146381463044437,-0.23815951008236586,0.12997170606595418,-0.07056546241268849,-0.011940175076951437,-0.07077292120561818
Gebouwen_VSK_PercLand_BK,-0.06004934508564542,0.5982785266889848,0.009799739885497078,-0.081589898693014,0.15923046347559253,-0.14866606382882025,0.08816996367044726,0.2841296749142449,-0.07668244544545728,-0.049328820325150693
Agrarisch_PercLand_BK,0.08525973909808708,-0.2122548973653305,-0.053756133046863414,-0.04691062756679628,-0.0707252300114179,0.17059942740891704,-0.015812650640977154,0.09804430178453809,-0.04116664077007788,-0.0983965730799611
Gebouwen_ONO_PercLand_BK,-0.06008690744846956,0.5985967144296762,0.00967511019454968,-0.08208693873463459,0.15879601625501089,-0.14873757428732332,0.08852650802895633,0.2829644248110492,-0.07512520516601384,-0.04885964519767146
Water_ONO_PercTotaal_BK,0.05080376166697556,0.031602250511834344,-0.018698699182141475,0.02371863766873106,-0.0468487502206638,0.03428037612988703,0.04625083194606145,0.021831175994700608,0.22879396318452333,-0.04284819896407118
Oppervlakte_Land_ONO_m2_BK,0.029268560898894038,0.18980795336660408,0.0390846494807295,0.09895098893328229,0.08548027286550183,-0.025299270244009697,0.9277192040959583,-0.04610637175876165,-0.02605852597368946,0.023651251564649804
Oppervlakte_Water_ONO_m2_BK,0.05135799100829682,0.1752719691594088,0.019068789276736865,0.08105738471183993,0.04386948786196135,-0.036870738834405524,0.7659508832598043,-0.025947316903255756,0.18048119811473776,0.02355025456066612
Openbaar_percland,0.12472034159435877,0.6173827389589874,-0.0011650989819499858,0.33819241614086576,0.046662474145974166,0.06115313479565903,0.1771703724178519,-0.26377331760990225,-0.0045985628158341126,0.40762890610627694
Nietopenbaar_percland,-0.14834795087688374,-0.7885328990651148,-0.0016375675473525226,-0.29583365159820724,-0.07116045394347106,0.04916032361281767,-0.1642393996338104,0.12943220669433342,0.01655015701878336,-0.32847423431267536
Onverhard_agr_percland,-0.14250162025024518,-0.8258687685866515,0.010257333878366401,-0.18647226588351143,-0.1127099162973317,0.25662254017931935,-0.21145564374888434,0.11735174862553019,-0.024493677588743643,-0.20895169960541735
Onverhard_agr_percland_BK,0.06340384563486211,-0.5259972027895092,-0.035225396127071144,0.17484169405034125,-0.16537758026017443,0.16493585721019824,-0.13471446410287113,0.0685770554497286,-0.14425610196736027,-0.02463770372559678
Shape_Area_BK,-0.045589334164053495,-0.3284454999379109,-0.0420195367438385,-0.059516701384257804,-0.09674577655629744,0.8907708603674663,0.007990018138124498,0.03210651691827365,0.1370915747045599,0.01598413842646769
Groen_NietOpenbaar_PercNO_BK,0.06211496401309836,-0.2190456358724697,-0.021753913879383645,0.17106411341758285,-0.10711732338418668,0.14647985518096732,-0.0941782654369536,0.03228213692804317,0.15966641056037614,0.17537722703430014
Steen_NietOpenbaar_PercNO_BK,-0.06719949169194975,0.5196328157350452,0.03408953313144383,-0.14596501440429885,0.13682675606208725,-0.1832396641134804,0.18339101402996527,-0.0358560344983583,0.015386907987143672,-0.09462640619941458
OV_Land_m2,-0.03222382599487593,-0.33049246910743596,-0.04241787192684259,-0.052407919485423775,-0.10090347131773406,0.8988825626830242,0.006465318604939435,0.03552090063942217,0.05384814372394906,0.00673187234238461
OV_Op_m2,0.022244204564224254,-0.04922941566666674,-0.007018490661026096,0.03000035125121789,-0.07149180890619475,0.6701814340888999,0.04242816074434267,-0.12425513859844342,-0.08067738980847952,0.40371783520013654
OV_NO_m2,-0.056339161785635174,-0.39100424560125857,-0.05790366168657133,-0.0813133729910342,-0.0930150456835653,0.7383929208585782,-0.02475683245871983,0.11811319424545448,0.1104419006000332,-0.22658198260190454
Aantal_Panden,0.10447058995827234,0.27380930471366355,0.058837268529719,0.16327175647582876,0.04986829878243446,0.11584569574298899,0.7674776445915076,-0.09852649288235642,-0.04384779030524862,-0.10327545240508729
BKBgraad_Tot_percLand_AHN3,0.06034591482290078,0.15684287626883553,3.735975469819616e-05,0.9145629434816833,0.05907310077358905,-0.08735195593692113,0.038623874369344294,-0.03808596426598549,-0.06907687276937276,0.20362717498840968
BKBgraad_Tot_percLand_AHN4,0.06183302311209936,0.1480080101041862,0.0025954089308062363,0.9198867651695763,0.06205749720248331,-0.08258171610601323,0.04868226218761879,-0.039148243695821205,-0.060385838808896836,0.207095027417067
BKBgraad_Tot_percLand_AHN5,0.0597605390596314,0.16118879801105318,0.0017312233618620458,0.9085346691476849,0.05443402014807822,-0.11995841599593408,0.05720794672038756,-0.05113143196059498,-0.04527307007335085,0.1980825484395754
BKBgraad_Op_percOp_AHN3,-0.06546824812601422,-0.1952487287683977,-0.01621154131189609,0.8695735776145533,0.02822325910873945,0.16260880988311335,-0.01755940851116388,0.05087811492928482,-0.021836491878576954,-0.18317619221713263
BKBgraad_Op_percOp_AHN4,-0.0675238113863652,-0.2021917315203124,-0.013437031518230799,0.8658907378644506,0.033989763983167165,0.1633076441367846,-0.010956506270960155,0.04884068385577508,-0.011808870115977718,-0.1861379279524868
BKBgraad_Op_percOp_AHN5,-0.06436407830431537,-0.16474763405551351,-0.0079106533615265,0.8652380307086809,0.01729078831402488,0.06930665772467685,0.008452326493147666,0.02237673387099203,0.008645690402414852,-0.17311134284697946
BKBgraad_NO_percNO_AHN3,0.09021457108739812,0.4083343430934289,-0.027829824325242468,0.6782485190851278,0.06632275245324305,-0.26064887725935315,0.029160816978651798,0.10634579598844512,-0.10427015101722885,0.24355431575459563
BKBgraad_NO_percNO_AHN4,0.09537808481125774,0.3698414311892039,-0.024817015873604176,0.6922273190392491,0.06983020892306499,-0.27499351563406366,0.03649659066921638,0.10831618819250266,-0.10243703861390265,0.2547770076213505
BKBgraad_NO_percNO_AHN5,0.09286334448121114,0.35034052988592707,-0.023222862328170567,0.7012222030453292,0.07054277691339285,-0.26489992489340836,0.036380739835870535,0.0944746297803857,-0.09998397342864317,0.2614779197610813
percPanden_30Regel_AHN3,-0.01923916030987436,-0.08077578515101047,-0.012058843274377735,0.46208441061441297,-0.04849117406464542,0.13594541543816746,-0.13362354353948744,0.05764550720427479,-0.008416880614806466,0.502969095159482
percPanden_30Regel_AHN4,-0.03464586984884876,-0.09214254791326001,-0.013863672119957463,0.4794841302906354,-0.04820761787131865,0.15318934277206508,-0.1263208608144893,0.05648486190279198,-0.0038309025887167257,0.5082420529238875
percPanden_30Regel_AHN5,-0.020149622495800604,-0.08677626695514808,-0.014196945886025469,0.486076316075956,-0.058080120232245736,0.11193017300674335,-0.11886571607562631,0.05737506618421406,0.005433080504116138,0.5022190472269669
percPanden_tusen10en30Regel_AHN3,0.014592885750831374,0.3002915206932784,-0.06311890142403756,0.6618555428681301,-0.006131775694889074,0.0881891752893246,0.1500097393108875,-0.2998252369076492,-0.00872168066302765,-0.22537017734825224
percPanden_tusen10en30Regel_AHN4,0.0325345429911386,0.3249402961830154,-0.053281818896311645,0.6513384317984098,0.010275459788283816,0.06868255209651575,0.1567151445664325,-0.29928980384750875,-0.010325716980779739,-0.2706643371714261
percPanden_tusen10en30Regel_AHN5,0.03175838329504645,0.34794876700358307,-0.05433193122486907,0.6270779190633046,-0.0003006287539210521,0.040220862429715794,0.16695398287889315,-0.30886699065763923,-0.0007615291597478484,-0.25832196878986285
gemScore_BKB_perPand_AHN3,0.038874579442331164,0.1689119502932491,0.004885042707448723,0.8373680136669736,0.039822137079247484,0.09417495550328776,0.012508697878201426,-0.14295961752666755,-0.020212311303184155,0.21662243736400202
gemScore_BKB_perPand_AHN4,0.03776273240640974,0.15543591344096613,0.008354374311986596,0.8328487110869074,0.03907841341507724,0.10271693617390944,0.005639059542526514,-0.14168956507400893,-0.016934967747564793,0.23034188922846027
gemScore_BKB_perPand_AHN5,0.038183006937840346,0.17052135561407228,0.006594149735139374,0.8199155557413933,0.03030109111299728,0.06502332046566141,0.01423734517176229,-0.1547371145376654,-0.0048418344998826645,0.222805121694062
SHDTot_percLand_AHN3,0.12515670276398816,0.5486666626183265,0.007588139077151487,0.7407421176798453,0.08874406329845079,-0.23532353946631612,0.08279259707942681,0.043231188070719934,-0.0474159201275048,0.11343569261137765
SHDTot_percLand_AHN4,0.12768167384067824,0.5490828468689372,0.008993364354939375,0.7424170230358682,0.09079744148192732,-0.24095601674168937,0.09074985069170341,0.0431382830459536,-0.03731047949628703,0.1132712666037929
SHDTot_percLand_AHN5,0.11890253443943567,0.5496482769311217,0.011422305204143102,0.7398773424388372,0.08872674447187553,-0.22329478300078287,0.09222169255194428,0.019274357590262938,-0.019155045889573587,0.08322575333003084
SHDTot_Op_percOp_AHN3,-0.0028731262103673435,0.06802864208427732,0.014844965210316627,0.8873176907629929,0.06851993816520117,0.05363310407640518,-0.018775925544814494,0.14071345118038206,-0.016973611503420034,-0.22484424549669613
SHDTot_Op_percOp_AHN4,-0.002387150680118038,0.07800599345863644,0.015896568975730035,0.8912829225785519,0.07674242056012473,0.045134971724251745,-0.007501984311208192,0.1388351663150643,-0.00427195891133666,-0.23228595649751232
SHDTot_Op_percOp_AHN5,-0.0065074081883558605,0.13539755294356973,0.02216913916638398,0.8721073531670797,0.06358115721381527,-0.01459624030971286,0.011828612486305599,0.1146382966492076,0.018687582353339623,-0.22733250315462764
SHDTot_NO_percNO_AHN3,0.11034858164393718,0.766056837456858,-0.03433642083602929,0.49955415304046286,0.054304043718918595,-0.21181161017211697,0.05277561906345191,0.0844827800302401,-0.060823093003380284,0.07603715541870122
SHDTot_NO_percNO_AHN4,0.11535734646278456,0.7685635142597619,-0.031044546589939596,0.49596821160073323,0.05873424816043722,-0.2193985767622825,0.0560696497116452,0.0859193401609944,-0.05789948739581465,0.08057317460064695
SHDTot_NO_percNO_AHN5,0.11169064406587136,0.7672621669984226,-0.025965526262019145,0.504665803547595,0.061929867298844345,-0.19365338219041123,0.05081762069559554,0.06710299551554878,-0.048077142024145446,0.057614190219176006
SHDGrijs_percLand_AHN3,0.11299406564756646,0.8572638578379754,-0.034752417455483464,0.20845879916189128,0.04477999589548731,-0.19208895659132233,0.07247459604309131,0.20482760165223496,-0.005939222895652482,0.02182814255307466
SHDGrijs_percLand_AHN4,0.11680327696629512,0.8642035595182014,-0.03350321389344041,0.1923387493765259,0.043906253560194675,-0.19391956179331477,0.0704686423020509,0.20152857497047583,-0.002976668539962081,0.025487708279397232
SHDGrijs_percLand_AHN5,0.1137872966090282,0.8708033997916224,-0.027674058996922993,0.20390303929124043,0.053319090037395295,-0.16775460520304314,0.06337672492127396,0.16842626468834093,0.00971012953717747,-0.0005789484199421768
SHDGrijs_Op_percOp_AHN3,0.03550076231199796,0.7729210223724684,-0.024213200448339096,-0.017207507373270602,0.01703796322377639,0.0650517766568817,-0.05012279370221872,0.4880921023896637,0.07752757342788462,-0.08079979537995867
SHDGrijs_Op_percOp_AHN4,0.04656583910002991,0.7902531052723474,-0.026206470588866784,-0.02887730359989668,0.018598165098076942,0.055944286905016315,-0.04243869392389471,0.4740731130622722,0.06974927171029935,-0.0638029241833058
SHDGrijs_Op_percOp_AHN5,0.044256169613509116,0.7898211744403454,-0.026913591253559643,-0.012444920681872177,0.022481838007383452,0.0654606568993176,-0.04051631442721781,0.4522184822815469,0.08477800794472387,-0.06628112560597373
SHDGrijs_NO_percNO_AHN3,0.08983812782477828,0.9031107078063114,-0.045693053102334215,0.22104351848906115,0.022537565346361952,-0.10369538147854794,0.043913307403467335,0.11441527573911936,-0.0013166141719438854,-0.03353099598521095
SHDGrijs_NO_percNO_AHN4,0.0917122821718776,0.9056270099564679,-0.04599393733680475,0.20616086298280104,0.02440485105123175,-0.10472575779682682,0.04500525537944248,0.11081657700966573,0.0018325973946596986,-0.029547793412097206
SHDGrijs_NO_percNO_AHN5,0.09083256600565877,0.903383650910794,-0.042937847109904545,0.21154756165916905,0.02876779005814966,-0.08822271877364207,0.03834043273141038,0.09214287305864113,0.008774156904026201,-0.04899306939611414
SHDGroen_percLand_AHN3,0.09473127371665922,0.24133940195925266,0.012037198184665678,0.8909996395971137,0.08236595954452453,-0.1897494848843737,0.08058587242068534,-0.06063162047758737,-0.05550630140589876,0.1415195070886131
SHDGroen_percLand_AHN4,0.09480271716855806,0.22714032613297344,0.014285503260006802,0.8992982598426946,0.08548495093936966,-0.19415877080455163,0.09164495130350941,-0.06153054314110507,-0.043230987166703254,0.13854419643990704
SHDGroen_percLand_AHN5,0.08603897351575314,0.24221090028841313,0.012049574545714046,0.8859222456443577,0.07497175494085574,-0.19344448897578473,0.09956840084607109,-0.07008760361252954,-0.024729918986406516,0.11379669174402661
SHDGroen_Op_percOp_AHN3,-0.018864557952351823,-0.10123052723480717,0.001518652148485952,0.9065816398350509,0.053255368623297,0.05398744753463568,0.004210758000804428,0.033011395145120546,-0.028809498955999838,-0.208094829223249
SHDGroen_Op_percOp_AHN4,-0.02248808739138849,-0.10384843727906776,0.000724153678288004,0.9113093978938149,0.059201116400553595,0.048654127210331424,0.015984815153869656,0.028699867219853275,-0.01399149891557839,-0.21776016071784307
SHDGroen_Op_percOp_AHN5,-0.026968731783512313,-0.0495789463648319,0.005500729635356153,0.8969597501997689,0.04220475833360707,-0.020896835720343017,0.03774819170143579,0.004182396994321964,0.006635036765380056,-0.2127265214475395
SHDGroen_NO_percNO_AHN3,0.10295912676771016,0.401731027017794,-0.020899815335658815,0.7169863114127516,0.07397371656372971,-0.2810988872113298,0.055281174034787495,0.028365976328994996,-0.11520034689423685,0.19073264995371922
SHDGroen_NO_percNO_AHN4,0.1041516643772428,0.35866201343039084,-0.019708615847426773,0.7355485849052404,0.0757248883930341,-0.2886133853186564,0.06495402623942527,0.028664550937638762,-0.11344269520114435,0.20085026200388914
SHDGroen_NO_percNO_AHN5,0.09517105848485992,0.360534669225967,-0.018768217938603653,0.7434676058125901,0.07061938003654805,-0.2601494476699859,0.0654970293927386,0.01891205133995836,-0.09929067076058586,0.18141804690284957
SHDTot_LVR_percLVR_AHN3,-0.05081384125369527,0.14099310626124648,0.03728577351175794,0.08544884302199918,0.9686351892119,-0.08001094927377858,0.05432686678591994,-0.032043739890359274,-0.055308621765592314,-0.017135163865366464
SHDTot_LVR_percLVR_AHN4,-0.050780329855106505,0.14098942834101957,0.03727696827673551,0.0854972903988985,0.9686371333202877,-0.0800248521214537,0.05433718476386717,-0.03204442190754538,-0.05526866902607297,-0.017134044715875704
SHDTot_LVR_percLVR_AHN5,-0.04987273174582191,0.13882505919711682,0.0371838934661385,0.08797673146960004,0.9662543445364999,-0.07477404823255707,0.053907037341131434,-0.03094429854552107,-0.05694298092985479,-0.021704775092966234
SHDGrijs_LVR_percLVR_AHN3,-0.05092840498042114,0.1417663914268683,0.03720940426720072,0.08166467366545306,0.968809868818936,-0.08039957163908529,0.05463656858294666,-0.032347059650551346,-0.05473776495055489,-0.016406315455208063
SHDGrijs_LVR_percLVR_AHN4,-0.050905126166337744,0.1418273830806567,0.03720932817415358,0.08163537274714906,0.9688045916775493,-0.08041642901351317,0.05463794074414167,-0.032355397385578945,-0.054724494484535216,-0.01639300885395902
SHDGrijs_LVR_percLVR_AHN5,-0.049949250099307924,0.13939392064239245,0.037101067873034896,0.08448764263056664,0.9664469350961984,-0.07485516753073558,0.05406993569685774,-0.031121409913082314,-0.05659200900815511,-0.0209677690398713
SHDGroen_LVR_percLVR_AHN3,-0.05107593903188364,0.13944362569674015,0.037154667776453563,0.08561225176308389,0.9688049424431359,-0.07987691792290007,0.054381121653600886,-0.03271970585957255,-0.05533311874486521,-0.016990831269889144
SHDGroen_LVR_percLVR_AHN4,-0.05106951162215957,0.13938422802801628,0.03713691703731632,0.08569463880860793,0.9688103493666896,-0.07986711116156626,0.05439592141000171,-0.03270999075907517,-0.05530351741656172,-0.01700292620587847
SHDGroen_LVR_percLVR_AHN5,-0.050129543870655026,0.137307893983071,0.037055725313576364,0.08812284555089665,0.9664206872714026,-0.07474409791589923,0.0539936298057203,-0.03156611053822436,-0.05699470732663722,-0.021538902382029563
Aantal_Panden_BK,0.9499436714869361,0.1511510982437396,0.034406069028029965,0.06404308394938464,0.037514214202625025,-0.012450565328583931,0.221000911016519,-0.03578926177272005,-0.04022125945236536,-0.015234652526478789
BKBgraad_Tot_percLand_AHN3_BK,0.9961734196951569,0.06094842799484577,0.02273320178718933,0.03191833606599151,0.025175039163695068,-0.008903506758102983,0.00934838548552853,-0.007327747297918216,-0.026900366984796777,0.0046175593340204366
BKBgraad_Tot_percLand_AHN4_BK,0.9961913965653056,0.06082332507411186,0.022713060204570583,0.03199198535980065,0.024993373532759777,-0.008794129885863283,0.009303094991465387,-0.007342337193806395,-0.02684682269900646,0.004693175765417834
BKBgraad_Tot_percLand_AHN5_BK,0.9961908471791032,0.06082139636795082,0.0227170012959589,0.03201893653663012,0.025023284986568615,-0.008831298923309243,0.009328172404414796,-0.007386797964623322,-0.02678712374685702,0.004650122569196285
BKBgraad_Op_percOp_AHN3_BK,0.9961347441994595,0.060796448392039217,0.02266242047355179,0.03328080290950938,0.02527228444592025,-0.008545858364591994,0.00929064326965965,-0.007271619115203211,-0.02723265144395683,0.004259879309043804
BKBgraad_Op_percOp_AHN4_BK,0.9961576123996715,0.06059729370036477,0.02263140323724691,0.033380909932894526,0.025026946800967488,-0.008527689451402145,0.009235334822503298,-0.007294030714660309,-0.027173767056620782,0.0041199955433494535
BKBgraad_Op_percOp_AHN5_BK,0.9961457914438379,0.0606417794083818,0.022632170510169993,0.03344586634204233,0.025186564974233213,-0.008538479211984338,0.009313114617156087,-0.007360469856900272,-0.027175059745035524,0.004068494643882326
BKBgraad_NO_percNO_AHN3_BK,0.9961804674419675,0.06093549155652708,0.022723455488495987,0.03134659085799543,0.02523667724085337,-0.009122571016902217,0.009232506061262137,-0.006875456272119686,-0.026838964459850265,0.004641395414640993
BKBgraad_NO_percNO_AHN4_BK,0.9962071052711882,0.06074209686276433,0.02269206968454199,0.03132426916725685,0.024960703677767215,-0.008981676253496464,0.00916029785097714,-0.006887498007660811,-0.026768477678113845,0.00480410157592724
BKBgraad_NO_percNO_AHN5_BK,0.9962101519679413,0.06069351361161139,0.022696244993542714,0.031318414292459386,0.024993129966182966,-0.009071266431571811,0.00915211833065085,-0.006907833084880656,-0.026731822043943768,0.0047283101321055595
percPanden_30Regel_AHN3_BK,0.9960912772248188,0.061282957397194915,0.022743486774024355,0.03215059187782489,0.025421286595991997,-0.008688689002088367,0.009150729382701403,-0.007146103588448428,-0.0269931336487679,0.006843059818218205
percPanden_30Regel_AHN4_BK,0.996081171753115,0.06120186570601063,0.022730843287271138,0.0324694587938686,0.025445574749053894,-0.008666843571814067,0.00913856607651203,-0.0070664897471807925,-0.027033450031497753,0.007044150571367564
percPanden_30Regel_AHN5_BK,0.9960805794877219,0.06118088505417619,0.022727216645796536,0.03255502373200459,0.025448554754876528,-0.008687281609585772,0.009193217458641541,-0.007059170862826701,-0.02698256132951785,0.007066350655854315
percPanden_tusen10en30Regel_AHN3_BK,0.10620700411124681,0.2839325985543967,-0.07860861024418897,0.5954040257274535,-0.005533942750184604,0.07177748340846545,0.15781125436043797,-0.27719083833966784,-0.0027126899578640705,-0.26996626788336725
percPanden_tusen10en30Regel_AHN4_BK,0.11726696999147894,0.3014917907882433,-0.08539817310470224,0.5930649535759698,-0.018281509489598436,0.0975233028074126,0.16547779309188088,-0.2688551552164104,0.0118812601510277,-0.2964944954407571
percPanden_tusen10en30Regel_AHN5_BK,0.1155583808781012,0.32843551452678776,-0.08182032446384979,0.5660770982581185,-0.029691750907454562,0.052772620074397626,0.17486625641533193,-0.2814582560629936,0.031223066891064417,-0.2847850035793969
gemScore_BKB_perPand_AHN3_BK,0.9960439800387164,0.06204901980392938,0.022776758340311003,0.03247127257961326,0.025726021725501903,-0.009018252876684953,0.009795114245897994,-0.007797224452321785,-0.026914364138409464,0.005028311569211821
gemScore_BKB_perPand_AHN4_BK,0.9960367806198431,0.06206326354595776,0.022775330526945945,0.03262854017854114,0.025752902419830966,-0.008983199013026279,0.009792021227020747,-0.007817917281967924,-0.02692631811501639,0.0050847341773018724
gemScore_BKB_perPand_AHN5_BK,0.9960346939611511,0.06208312842524701,0.022776816862853183,0.032656735855271575,0.025752957691457516,-0.009004728164280168,0.00982591268267926,-0.007859400496832813,-0.026888131871005437,0.005074116847932431
SHDTot_percLand_AHN3_BK,0.9960621447219044,0.062068502411942617,0.022879160515826714,0.032792309172573725,0.025629971299961106,-0.0093084981154702,0.00919429938008121,-0.006701377066209929,-0.02692032916000572,0.004187346917328526
SHDTot_percLand_AHN4_BK,0.9960814634237842,0.0619952060195576,0.022837270725960836,0.03275181749232952,0.02542958214365297,-0.00922070255606923,0.009208429008443151,-0.0067391021549076694,-0.026845482072391052,0.004328039945874769
SHDTot_percLand_AHN5_BK,0.9960794270176392,0.06206354779805093,0.022849885918874345,0.03273584239546299,0.02546416764483829,-0.00913607199583095,0.009288119754450644,-0.0069728926175506405,-0.026674326826097883,0.0042132070071621685
SHDTot_Op_percOp_AHN3_BK,0.9960427461709427,0.0619284348417358,0.022782807557604114,0.0338174074889566,0.025646948701597345,-0.008503571068700519,0.009055763992418147,-0.006531412197420827,-0.02722052936674007,0.003825429563603391
SHDTot_Op_percOp_AHN4_BK,0.9960512617833576,0.06181663912922737,0.022793249516409545,0.03380083947318648,0.025669067292070757,-0.00848608205786672,0.009062077751519472,-0.006628706685723705,-0.027157402215333633,0.003773707033395283
SHDTot_Op_percOp_AHN5_BK,0.9960475816139563,0.06201094818423679,0.022810945812128544,0.03364005161624796,0.025699300397292794,-0.008454581558625919,0.009190018627350777,-0.006728509916633645,-0.026989838606130707,0.003738547901384069
SHDTot_NO_percNO_AHN3_BK,0.9959694152318171,0.06331374687719726,0.022924240500970562,0.03235331112847949,0.025904958689320533,-0.009742744708158592,0.009111456794096386,-0.0063287727200046,-0.02694141221067756,0.003942713470615187
SHDTot_NO_percNO_AHN4_BK,0.9959891312615766,0.06325449580701416,0.022895893845368567,0.03219578537892518,0.025676265971470543,-0.009667499800643003,0.009097796261245222,-0.006377542018983967,-0.026904293192790005,0.004206848983552703
SHDTot_NO_percNO_AHN5_BK,0.9959910898196251,0.06325139368418115,0.022883949848362516,0.032227433681559135,0.025754531081630817,-0.009610289561609689,0.009166176959340685,-0.006617246276192172,-0.026738128471957764,0.004035842701360593
SHDGrijs_percLand_AHN3_BK,0.9960376146583969,0.06305224906603668,0.02283156900623227,0.030572714704475677,0.025873440965069102,-0.009744907319988885,0.009764079312283559,-0.006739189225903201,-0.026828275504464646,0.0044063750946514695
SHDGrijs_percLand_AHN4_BK,0.9960349658695595,0.06309692502829918,0.02282868409630968,0.030532953238883727,0.02591317376314028,-0.009753344927918062,0.00977402290037585,-0.0067588771362502645,-0.02682892605671215,0.004437741296685266
SHDGrijs_percLand_AHN5_BK,0.9960407759500324,0.06302476405769138,0.02283346890258414,0.030564606609132437,0.025892186440393296,-0.009679274967598111,0.009767145878227322,-0.006913241156760559,-0.026782165424856206,0.004382431922564061
SHDGrijs_Op_percOp_AHN3_BK,0.9960879451367581,0.06279843463005802,0.02276337228218562,0.030336053646161765,0.02553018856702343,-0.009191011266290244,0.009622801708297235,-0.006579492969872403,-0.026685583804192746,0.004546478710803021
SHDGrijs_Op_percOp_AHN4_BK,0.9960822404197602,0.06287536241359643,0.02276381139477789,0.030306783611464716,0.02559804059392519,-0.009192057462473703,0.009633446341195699,-0.006575100647953353,-0.026680973409094314,0.004583591803439277
SHDGrijs_Op_percOp_AHN5_BK,0.9960851734974464,0.06283005357830243,0.022760699150441578,0.030330939733091193,0.02554914650654574,-0.00918133629556152,0.009627622192597067,-0.006623887789985533,-0.026666109397319972,0.00455416496793768
SHDGrijs_NO_percNO_AHN3_BK,0.995939684665189,0.06442849782275574,0.022816500363467558,0.03083310134479122,0.02598913670846286,-0.009778069600084429,0.0098879417223976,-0.006820956094152795,-0.026796119954938902,0.004118464926023892
SHDGrijs_NO_percNO_AHN4_BK,0.9959294814253519,0.06457441915709547,0.022812260884427817,0.03076715456871976,0.026070152183802334,-0.009823936310474854,0.009915757196695253,-0.006843130900484822,-0.026789233135464427,0.0041558999650593165
SHDGrijs_NO_percNO_AHN5_BK,0.9959396385757477,0.06446473443191071,0.022806283109046886,0.030779575210774925,0.0260404146055526,-0.0097643424243414,0.00990108125336672,-0.006993636312718433,-0.02671616029880393,0.00410036971646977
SHDGroen_percLand_AHN3_BK,0.9961753216399468,0.060668460397992126,0.022733026989205807,0.03269011166773913,0.02521416297866788,-0.00879863084770058,0.009210353886943278,-0.007325803007593543,-0.026835653451530828,0.004426691482459314
SHDGroen_percLand_AHN4_BK,0.9961965249117941,0.060540106577455975,0.022710241581967733,0.032670752252983985,0.024987847897778703,-0.008713544087662532,0.009208641735742953,-0.007352945665041973,-0.02676406960513009,0.004538356330215136
SHDGroen_percLand_AHN5_BK,0.9961880811343076,0.060678753850250455,0.022736924590200765,0.03262515441085896,0.02505347991200355,-0.008716680913166472,0.009279658984422167,-0.007434387684482815,-0.02664478207325772,0.004473473253528048
SHDGroen_Op_percOp_AHN3_BK,0.9961045641526446,0.060761774701067785,0.02275195929291455,0.03392427764024755,0.02560403725132895,-0.008579232339393868,0.009184885235901514,-0.007326838351772301,-0.027294819830401378,0.003924177800795986
SHDGroen_Op_percOp_AHN4_BK,0.9961192851047708,0.060588581567815734,0.022722618954607348,0.0339481614625016,0.02553965419293848,-0.008531678369257358,0.009208343301442011,-0.007423824211168214,-0.027222129933053663,0.003838003668742573
SHDGroen_Op_percOp_AHN5_BK,0.9961124678379442,0.060840160058850845,0.022742123160235807,0.03377422956205721,0.025598156488324593,-0.008508824535476415,0.0093388368495987,-0.00747141012650835,-0.027067556359075443,0.0038200443903091664
SHDGroen_NO_percNO_AHN3_BK,0.9961800241033705,0.06059452839810609,0.022719441197289143,0.03202855515505958,0.025333817878661,-0.00914088175729604,0.009048681739305243,-0.006844230013335747,-0.026864380653310097,0.00446860145633401
SHDGroen_NO_percNO_AHN4_BK,0.9962096558500146,0.06037702562265075,0.02268362017117928,0.031928542449006295,0.025017953444295152,-0.009007932707624016,0.009019951397580902,-0.006882993148558926,-0.026830252536846146,0.004700031850757742
SHDGroen_NO_percNO_AHN5_BK,0.9961995788774377,0.060498139330147034,0.022702691962390047,0.03194891734913536,0.02514069937619389,-0.0090317099072367,0.009081169835632006,-0.006963726768732615,-0.026739407981133227,0.004578873620749223
SHDTot_LVR_percLVR_AHN3_BK,0.6051060469102418,0.15655601894781557,0.044749519552844105,0.07917752368271913,0.7517358560731572,-0.08361738320704859,0.05241011792843182,-0.03427788129421407,-0.06695657784790827,-0.01095340181881927
SHDTot_LVR_percLVR_AHN4_BK,0.6051136798896483,0.156489159591002,0.04470890129251795,0.07917462146745657,0.7517427031470482,-0.08356989460221746,0.05236631029269538,-0.03431629401360519,-0.06695756044262202,-0.010941825620926299
SHDTot_LVR_percLVR_AHN5_BK,0.6080367010228468,0.154573407331923,0.04460840750781885,0.08119390098306375,0.7479026301955713,-0.07921440531524689,0.051951674488457174,-0.033379654172161585,-0.06821495024039352,-0.014468183404968771
SHDGrijs_LVR_percLVR_AHN3_BK,0.6051032638035143,0.1573947118461214,0.04476763211735505,0.0774326000435832,0.7517579359813626,-0.08401868824491522,0.05284087370001358,-0.034587637381342656,-0.0666215288170654,-0.010448746832979116
SHDGrijs_LVR_percLVR_AHN4_BK,0.605104648249302,0.15741937510285706,0.04475889071430304,0.07736971848281808,0.7517598233701634,-0.08401378192661524,0.05283125880006445,-0.0345896006816828,-0.0666131470017117,-0.010441976726519286
SHDGrijs_LVR_percLVR_AHN5_BK,0.6080277230430348,0.15541094285688983,0.04464319674874832,0.0794402132133787,0.7479311166484154,-0.07962572663408476,0.05230320514337207,-0.033608326775694676,-0.06800907979325584,-0.013902068455357268
SHDGroen_LVR_percLVR_AHN3_BK,0.6051599823272596,0.155495292660929,0.04465468484486291,0.0793939648809543,0.7518480809148353,-0.08358541407443043,0.05250007722158032,-0.03484291356499325,-0.0670124213461893,-0.010824003421565673
SHDGroen_LVR_percLVR_AHN4_BK,0.6051660770349447,0.15539933236267894,0.04462795723491431,0.07944895005343716,0.7518536858050199,-0.08354695224978394,0.052460999365648006,-0.034880801433914914,-0.06702317166846564,-0.010819089100593541
SHDGroen_LVR_percLVR_AHN5_BK,0.6080884517589419,0.15349527093806453,0.0445457980403394,0.08143045764620893,0.7480137368022572,-0.07921314246753258,0.05204724916568129,-0.03389178171837551,-0.06830315355261579,-0.014341122743985444
PET29tm34pAHN4,0.005859843553779593,-0.23030979543184615,-0.030019157654255866,0.823665929688413,0.04077079394313089,-0.024900092561862694,0.016101141373192084,0.08107019274026583,-0.09481647991360646,0.2799673201343535
PET35tm40pAHN4,0.08235747518473377,0.6990857100112288,-0.026675821706907372,0.4940996865792472,0.024532151194160582,-0.09318273647307374,0.06545244973315478,-0.10712757588563794,-0.06059041812133711,-0.07218758489434095
PET41tm45pAHN4,-0.15310975278847935,-0.6909090012429271,-0.03351651028831107,-0.30978757585852673,-0.1536347792390761,0.2682792859267124,-0.24417880018731924,0.18694532416611598,-0.04856681278335714,-0.2994482861940008
PET46tm50pAHN4,0.1655207153323109,0.6337706123219746,-0.0032578686210620075,0.1273803417589048,0.12181146968967335,-0.21203230744940954,0.3000356360760465,-0.335452493652954,-0.14707337403613097,0.3008694343342456
PET51pluspAHN4,0.004272941324586533,0.3858545217929479,-0.010947967292593366,-0.05304496073343476,0.0034662559876954637,0.09676389073070228,-0.10403904550315146,0.3573908108937302,0.04471053037254649,-0.03883248724954444
PET_NDpAHN4,0.02130618139094891,0.6504482392584959,-0.00034276957236928357,0.03488552247643989,0.08621323229735763,-0.19558089261058145,0.1468868979122108,0.16453744761976533,0.5625633710835651,0.12409137195760093
PET29tm34pAHN2,0.01054910575765672,-0.13741507215565896,-0.02741317932396531,0.815370607314146,0.03441392841828673,-0.008821591482740573,0.023283369822238026,0.05391359469309046,-0.12615681229208486,0.2726474566955401
PET35tm40pAHN2,0.08899389196805514,0.7047711179104931,-0.023358868856438262,0.5170078537764514,0.044312873517212026,-0.12203281372917558,0.023975245460838186,-0.03581255701553772,-0.08886962479952366,-0.056131465109551346
PET41tm45pAHN2,-0.1363648448112062,-0.7194428497320635,-0.01891828087211925,-0.3011057020865126,-0.12440687746090567,0.2218374224128306,-0.2264733433336261,0.18409173366874684,-0.05409056820346798,-0.33194043879035723
PET46tm50pAHN2,0.1398680595197217,0.6453907386555205,-0.03129354564897884,0.13733601098376574,0.07301400985738364,-0.13884506824239293,0.2804064072961143,-0.3403871477519381,-0.13090357729242555,0.3389059488645473
PET51pluspAHN2,0.0013379259549219011,0.1605145511134092,-0.0014213674250890796,-0.01638443048366742,0.0021015229883425443,0.050713952107950544,-0.031111334682432358,0.3069504821942458,0.02593578681462076,-0.011725002196467165
PET_NDpAHN2,0.01370806941810238,0.6485320229160504,-0.000924986051203313,0.031130655766565457,0.08669515353768181,-0.19292929006195814,0.13926655893916626,0.1833179581661243,0.5586733441685593,0.12057589787641391
PDrogePlek,0.12261826628066844,0.33974267980043343,0.0666580301528066,0.47249512321305415,0.1819290098635928,-0.057713302039561654,0.1281442198279601,-0.10863520435904796,-0.056952678041533665,-0.17174139194499344
P_tot20cm,-0.007684157802300828,0.08075916594868396,-0.03172174319302351,-0.029364016548134874,0.020558672301077517,-0.048930873957940976,0.13510950075659725,0.0003453770459816205,0.0771365827380806,-0.013763618917131019
P_20tot50cm,-0.057191333508152406,-0.005003381737211532,-0.03231855105930774,-0.05954450379214249,0.028674313613687528,-0.0690396897415476,0.08060207280929396,0.02260203958492889,0.09561964611944954,-0.017732886419806543
P_50tot200cm,-0.027453788146600572,-0.11776272603562367,-0.02203820925658089,-0.2737377969619426,-0.10927130473580375,-0.14185399005332275,-0.18355922592156232,0.09158441426405892,-0.1136327844740448,0.022779796786314626
P_200pluscm,-0.02843032411044416,-0.08105462130260685,-0.03946620067985173,-0.1518091740467356,-0.023395781695718827,0.19940922931151817,-0.051447390828864556,0.0011696825221875209,0.15054392980575576,0.18386665194635543
Shape_Length,-0.034630722190364754,-0.3757732563935872,-0.036060872568302406,-0.15034294208220927,-0.1436110850579077,0.802818953630209,-0.007065852794936286,0.017512016367672755,0.06547716370199712,0.06464316253635634
Shape_Area,-0.04558933420566559,-0.3284455034221318,-0.042019537049409916,-0.05951670220805545,-0.09674578082021597,0.8907708190274833,0.007990014365219022,0.03210651352509454,0.13709157567967964,0.015984134144056784
