odata.type,ID,Position,ParentID,Type,Key,Title,Description,MapYear,Datatype,Unit,Decimals,Default,PresentationType
Cbs.OData.GeoDetail,0,0.0,,GeoDetail,WijkenEnBuurten,Wijken en buurten,,2025.0,,,,,
Cbs.OData.TopicGroup,1,,,TopicGroup,,Regioaanduiding,"De gemeenten in Nederland zijn onderverdeeld in wijken en buurten. Buurten vormen het laagste regionale niveau. Wijken zijn optellingen van één of meer aaneengesloten buurten. De gemeente bepaalt zelf de indeling in wijken en buurten. Het CBS coördineert landelijk deze indeling.

Wijk:
Onderdeel van een gemeente, bestaande uit één of meerdere buurten. Vaak komt een wijk overeen met een woonplaats of een deel van een grotere woonplaats.

Buurt:
Onderdeel van een wijk, die vanuit bebouwingsoogpunt of sociaaleconomische structuur homogeen is afgebakend. Homogeen wil zeggen dat één functie dominant is, bijvoorbeeld woonfunctie (woongebied), werkfunctie (industriegebied) of recreatieve functie (natuurgebied). Functies kunnen echter ook gemengd voorkomen.

",,,,,,
Cbs.OData.Topic,2,1.0,1.0,Topic,Gemeentenaam_1,Gemeentenaam,De naam van de bestuurlijke gemeente. Deze naam volgt de officiële schrijfwijze.,,String,naam,0.0,Impossible,
Cbs.OData.Topic,3,2.0,1.0,Topic,SoortRegio_2,Soort regio,"De gekozen regioaanduiding betreft: Gemeente, Wijk of Buurt.",,String,omschrijving,0.0,Impossible,
Cbs.OData.Topic,4,3.0,1.0,Topic,Codering_3,Codering,"Gemeentecode heeft 4 posities, voorafgegaan door ‘GM’.
Wijkcode heeft 6 posities: gemeentecode (4) + wijkcode (2), voorafgegaan door ‘WK’.
Buurtcode heeft 8 posities: gemeentecode (4) + wijkcode (2) + buurtcode (2), voorafgegaan door ‘BU’.",,String,code,0.0,Impossible,
Cbs.OData.Topic,5,4.0,1.0,Topic,IndelingswijzigingGemeenteWijkBuurt_4,"Indelingswijziging gemeente, wijk, buurt","Deze indicator geeft per gemeente, wijk en buurt aan of de cijfers uit deze tabel zonder problemen kunnen worden gekoppeld aan en vergeleken met de cijfers van een jaar eerder, of dat er wijzigingen in de gemeentelijke of Wijk- en Buurtindeling zijn waardoor dit niet kan. Detailinformatie over wijzigingen kan worden verkregen door de wijk- en buurtkaart van twee opeenvolgende jaren met elkaar te vergelijken. Mutaties van grenzen kunnen bijvoorbeeld worden veroorzaakt door verzoeken van gemeenten die mutaties in hun buurten en/of wijken doorgeven, maar ook kleinere kadastrale mutaties, gemeentelijke herindelingen of veranderingen van de door het CBS vastgestelde land-watergrens bij grote watergebieden zoals Noordzee, Wadden, IJsselmeer, Markeermeer en Ooster- en Westerschelde kunnen tot veranderingen leiden

De indicator kent drie mogelijke waarden:
1: De codering en afbakening van deze gemeente/wijk/buurt is ongewijzigd ten opzichte van het voorgaande jaar. Het is wel mogelijk dat een naamswijziging heeft plaatsgevonden. De cijfers kunnen worden gekoppeld en vergeleken met die van het voorgaande jaar.
2: De codering van de gemeente/wijk/buurt is veranderd ten opzichte van het voorgaande jaar. De afbakening is ongewijzigd. Om te kunnen koppelen met cijfers van het voorgaande jaar zal eerst moeten worden achterhaald wat de codering van het voorgaande jaar was. Is de koppeling eenmaal geslaagd dan kunnen de cijfers alsnog met elkaar worden vergeleken.
3: De afbakening van de gemeente/wijk/buurt is veranderd ten opzichte van het voorgaande jaar. Dit kan gepaard zijn gegaan met een gewijzigde codering. De cijfers kunnen niet zonder meer worden vergeleken met die van het voorgaande jaar. Verschillen kunnen immers samenhangen met de verandering in de afbakening van de gemeente, wijk of buurt.

Er worden alleen een wijzigingen in de afbakening geconstateerd wanneer een grens circa 5 meter of meer is verlegd. Kleinere grenswijzigingen worden niet als significant beschouwd.",,String,code,0.0,Impossible,
Cbs.OData.TopicGroup,6,,,TopicGroup,,Bevolking,"De bevolking van Nederland op 1 januari.

Bevolking:
De inwoners van Nederland.
In de bevolkingsaantallen zijn uitsluitend personen begrepen die zijn opgenomen in het bevolkingsregister van een Nederlandse gemeente. 
In principe wordt iedereen die voor onbepaalde tijd in Nederland woont, opgenomen in het bevolkingsregister van de woongemeente. Personen die tot de bevolking van Nederland behoren, maar voor wie geen vaste woonplaats valt aan te wijzen, zijn opgenomen in het bevolkingsregister van de gemeente 's-Gravenhage.
In de bevolkingsregisters zijn niet opgenomen de in Nederland wonende personen waarvoor uitzonderingsregels gelden met betrekking tot opneming in de bevolkingsregisters (bijvoorbeeld diplomaten en NAVO militairen) en personen die niet legaal in Nederland verblijven.

Om redenen van statistische geheimhouding zijn de aantallen op wijk- en buurtniveau aselect afgerond op veelvouden van 5. 
Bij aselect afronden wordt door loten bepaald of een getal naar boven of naar beneden wordt afgerond. De daarbij gehanteerde kansen zijn omgekeerd evenredig met de afrondverschillen. Gemiddeld wordt een getal hierdoor op zichzelf afgerond. Het gemiddelde afrondverschil per getal is evenwel groter dan het geval is bij afronding op het dichtstbijzijnde veelvoud van 5. Door afrondverschillen is de som van afgeronde getallen niet altijd gelijk aan de afgeronde som. Hierdoor kan het voorkomen dat wanneer een wijk uit één buurt bestaat of een gemeente uit één wijk, dit afgerond niet overeenkomt.

Het komt voor dat van inwoners wel bekend is binnen welke gemeente ze geregistreerd zijn, maar niet exact waar ze verblijven. Deze inwoners zijn daarom wel meegeteld in de gemeentecijfers, maar niet in de cijfers per wijk en buurt. De cijfers per gemeente kunnen daardoor afwijken van de onderliggende wijken of buurten, zelfs wanneer een gemeente slechts uit één wijk bestaat.
",,,,,,
Cbs.OData.Topic,7,5.0,6.0,Topic,AantalInwoners_5,Aantal inwoners,,,Long,aantal,0.0,Impossible,Absolute
Cbs.OData.TopicGroup,8,,6.0,TopicGroup,,Geslacht,,,,,,,
Cbs.OData.Topic,9,6.0,8.0,Topic,Mannen_6,Mannen,,,Long,aantal,0.0,Impossible,Absolute
Cbs.OData.Topic,10,7.0,8.0,Topic,Vrouwen_7,Vrouwen,,,Long,aantal,0.0,Impossible,Absolute
Cbs.OData.TopicGroup,11,,6.0,TopicGroup,,Leeftijdsgroepen,,,,,,,
Cbs.OData.Topic,12,8.0,11.0,Topic,k_0Tot15Jaar_8,0 tot 15 jaar,Aantal inwoners dat op 1 januari 0 tot 15 jaar oud is.,,Long,aantal,0.0,Impossible,Absolute
Cbs.OData.Topic,13,9.0,11.0,Topic,k_15Tot25Jaar_9,15 tot 25 jaar,Aantal inwoners dat op 1 januari 15 tot 25 jaar oud is.,,Long,aantal,0.0,Impossible,Absolute
Cbs.OData.Topic,14,10.0,11.0,Topic,k_25Tot45Jaar_10,25 tot 45 jaar,Aantal inwoners dat op 1 januari 25 tot 45 jaar oud is.,,Long,aantal,0.0,Impossible,Absolute
Cbs.OData.Topic,15,11.0,11.0,Topic,k_45Tot65Jaar_11,45 tot 65 jaar,Aantal inwoners dat op 1 januari 45 tot 65 jaar oud is.,,Long,aantal,0.0,Impossible,Absolute
Cbs.OData.Topic,16,12.0,11.0,Topic,k_65JaarOfOuder_12,65 jaar of ouder,Aantal inwoners dat op 1 januari 65 jaar of ouder is.,,Long,aantal,0.0,Impossible,Absolute
Cbs.OData.TopicGroup,17,,6.0,TopicGroup,,Burgerlijke staat,,,,,,,
Cbs.OData.Topic,18,13.0,17.0,Topic,Ongehuwd_13,Ongehuwd,Het aantal inwoners dat op 1 januari ongehuwd is. De burgerlijke staat ongehuwd geeft aan dat een persoon nog nooit een huwelijk heeft gesloten of een geregistreerd partnerschap is aangegaan.,,Long,aantal,0.0,Impossible,Absolute
Cbs.OData.Topic,19,14.0,17.0,Topic,Gehuwd_14,Gehuwd,"Het aantal inwoners dat op 1 januari gehuwd is. De burgerlijke staat gehuwd ontstaat na sluiting van een huwelijk of het aangaan van een geregistreerd partnerschap. Tot de gehuwden worden ook personen gerekend die gescheiden zijn van tafel en bed, want zij blijven formeel gehuwd.",,Long,aantal,0.0,Impossible,Absolute
Cbs.OData.Topic,20,15.0,17.0,Topic,Gescheiden_15,Gescheiden,Het aantal inwoners dat op 1 januari gescheiden is. De burgerlijke staat gescheiden ontstaat na ontbinding van een huwelijk door echtscheiding of na ontbinding van een geregistreerd partnerschap anders dan door het overlijden van de partner. Personen die gescheiden zijn van tafel en bed worden tot de gehuwden gerekend.,,Long,aantal,0.0,Impossible,Absolute
Cbs.OData.Topic,21,16.0,17.0,Topic,Verweduwd_16,Verweduwd,Het aantal inwoners dat op 1 januari verweduwd is. De burgerlijke staat verweduwd ontstaat na ontbinding van een huwelijk of geregistreerd partnerschap door overlijden van de partner.,,Long,aantal,0.0,Impossible,Absolute
Cbs.OData.TopicGroup,22,,6.0,TopicGroup,,Bevolking naar herkomst,"De bevolking van Nederland op 1 januari.

Bevolking:
De inwoners van Nederland.
In de bevolkingsaantallen zijn uitsluitend personen begrepen die zijn opgenomen in het bevolkingsregister van een Nederlandse gemeente. 
In principe wordt iedereen die voor onbepaalde tijd in Nederland woont, opgenomen in het bevolkingsregister van de woongemeente. Personen die tot de bevolking van Nederland behoren, maar voor wie geen vaste woonplaats valt aan te wijzen, zijn opgenomen in het bevolkingsregister van de gemeente 's-Gravenhage.
In de bevolkingsregisters zijn niet opgenomen de in Nederland wonende personen waarvoor uitzonderingsregels gelden met betrekking tot opneming in de bevolkingsregisters (bijvoorbeeld diplomaten en NAVO militairen) en personen die niet legaal in Nederland verblijven.

Herkomst:
Kenmerk dat weergeeft in welk land iemand geboren is of waar diens ouders geboren zijn.
De herkomst van personen die in het buitenland zijn geboren wordt bepaald door hun eigen geboorteland. Bij personen die in Nederland geboren zijn, wordt de herkomst bepaald door het geboorteland van de ouders. 
Wanneer beide ouders in het buitenland zijn geboren, is het geboorteland van de moeder leidend in het bepalen van de herkomst. De geboortegegevens van de moeder zijn vaker bekend dan die van de vader. Wanneer de moeder in Nederland is geboren of het geboorteland van de moeder onbekend is, dan wordt het geboorteland van de vader gebruikt.
",,,,,,
Cbs.OData.TopicGroup,23,,22.0,TopicGroup,,Herkomstland,,,,,,,
Cbs.OData.Topic,24,17.0,23.0,Topic,Nederland_17,Nederland,,,Long,aantal,0.0,Impossible,Absolute
Cbs.OData.Topic,25,18.0,23.0,Topic,EuropaExclusiefNederland_18,Europa (exclusief Nederland) ,"Herkomst Europa (exclusief Nederland). De landen Armenië, Azerbeidzjan, Georgië, Kazachstan, Kirgizië, Oezbekistan, Tadzjikistan, Turkmenistan en Turkije vallen binnen deze indeling onder Azië.",,Long,aantal,0.0,Impossible,Absolute
Cbs.OData.Topic,26,19.0,23.0,Topic,BuitenEuropa_19,Buiten Europa ,Totaal herkomst buiten Europa,,Long,aantal,0.0,Impossible,Absolute
Cbs.OData.TopicGroup,27,,22.0,TopicGroup,,Geboren in Nederland,,,,,,,
Cbs.OData.Topic,28,20.0,27.0,Topic,Nederland_20,Nederland,,,Long,aantal,0.0,Impossible,Absolute
Cbs.OData.Topic,29,21.0,27.0,Topic,EuropaExclusiefNederland_21,Europa (exclusief Nederland) ,"Geboren in Nederland, herkomst Europa (exclusief Nederland). De landen Armenië, Azerbeidzjan, Georgië, Kazachstan, Kirgizië, Oezbekistan, Tadzjikistan, Turkmenistan en Turkije vallen binnen deze indeling onder Azië",,Long,aantal,0.0,Impossible,Absolute
Cbs.OData.Topic,30,22.0,27.0,Topic,BuitenEuropa_22,Buiten Europa ,"Geboren in Nederland, herkomst buiten Europa.",,Long,aantal,0.0,Impossible,Absolute
Cbs.OData.TopicGroup,31,,22.0,TopicGroup,,Geboren buiten Nederland,,,,,,,
Cbs.OData.Topic,32,23.0,31.0,Topic,EuropaExclusiefNederland_23,Europa (exclusief Nederland),"Geboren buiten Nederland. Herkomst Europa (exclusief Nederland). De landen Armenië, Azerbeidzjan, Georgië, Kazachstan, Kirgizië, Oezbekistan, Tadzjikistan, Turkmenistan en Turkije vallen binnen deze indeling onder Azië.",,Long,aantal,0.0,Impossible,Absolute
Cbs.OData.Topic,33,24.0,31.0,Topic,BuitenEuropa_24,Buiten Europa,"Geboren buiten Nederland, herkomst buiten Europa.",,Long,aantal,0.0,Impossible,Absolute
Cbs.OData.TopicGroup,34,,6.0,TopicGroup,,Geboorte en sterfte,,,,,,,
Cbs.OData.Topic,35,25.0,34.0,Topic,GeboorteTotaal_25,Geboorte totaal,"Het aantal levendgeborenen van 1 januari tot en met 31 december van het betreffende jaar. Levendgeborenen zijn kinderen die na geboorte enig teken van leven hebben vertoond, ongeacht de zwangerschapsduur.",,Long,aantal,0.0,Impossible,Absolute
Cbs.OData.Topic,36,26.0,34.0,Topic,GeboorteRelatief_26,Geboorte relatief,"Het aantal levendgeborenen van 1 januari tot en met 31 december, per 1 000 inwoners op 1 januari van het betreffende jaar.
Het relatieve aantal geboorten kan hoger uitvallen dan verwacht op basis van het inwonertal. Het relatieve cijfer betreft namelijk het aantal geboorten gedurende het jaar ten opzichte van het aantal inwoners op 1 januari. In nieuwbouwwijken kan het aantal inwoners sterk groeien in een jaar. Zo kunnen er in 1 jaar 10 kinderen geboren worden in een wijk waarin op 1 januari slechts 10 inwoners wonen, maar aan het eind van het jaar bijvoorbeeld 200 inwoners. Waarden voor wijken en buurten met minder dan 10 inwoners en een aantal geboorten ongelijk aan nul zijn op onbekend gezet.",,Long,per 1 000 inwoners,0.0,Impossible,Relative
Cbs.OData.Topic,37,27.0,34.0,Topic,SterfteTotaal_27,Sterfte totaal,Alle overledenen van 1 januari tot en met 31 december van het betreffende jaar waarbij een bevoegde arts een overlijdensakte heeft ondertekend.,,Long,aantal,0.0,Impossible,Absolute
Cbs.OData.Topic,38,28.0,34.0,Topic,SterfteRelatief_28,Sterfte relatief,"Het aantal overledenen van 1 januari tot en met 31 december, per 1 000 inwoners op 1 januari van het betreffende jaar.
Het relatieve aantal overledenen kan hoger uitvallen dan verwacht op basis van het inwonertal. Het relatieve cijfer betreft namelijk het aantal overledenen gedurende het jaar ten opzichte van het aantal inwoners op 1 januari. In een buurt met een verpleeghuis kunnen op 1 januari 100 mensen wonen, maar door overlijdensgevallen komen er steeds nieuwe inwoners (bewoners van het verpleeghuis). Zo kan het aantal overlijdensgevallen ook 100 zijn, terwijl er inmiddels al vele mensen in die buurt (of dat verpleeghuis) hebben gewoond. Waarden voor wijken en buurten met minder dan 10 inwoners en een aantal sterften ongelijk aan nul zijn op onbekend gezet.",,Long,per 1 000 inwoners,0.0,Impossible,Relative
Cbs.OData.TopicGroup,39,,6.0,TopicGroup,,Particuliere huishoudens,"Betreft de huishoudens op 1 januari. 
Particuliere huishoudens bestaan uit één of meer personen die alleen of samen in een woonruimte zijn gehuisvest en zelf in hun dagelijks onderhoud voorzien. Naast eenpersoonshuishoudens onderscheiden we meerpersoonshuishoudens (niet-gehuwde paren, niet-gehuwde paren met kinderen, echtparen, echtparen met kinderen, eenouderhuishoudens en overige huishoudens). De institutionele huishoudens worden hiertoe niet gerekend.",,,,,,
Cbs.OData.Topic,40,29.0,39.0,Topic,HuishoudensTotaal_29,Huishoudens totaal,Totaal particuliere huishoudens.,,Long,aantal,0.0,Impossible,Absolute
Cbs.OData.Topic,41,30.0,39.0,Topic,Eenpersoonshuishoudens_30,Eenpersoonshuishoudens,Een particulier huishouden bestaande uit één persoon.,,Long,aantal,0.0,Impossible,Absolute
Cbs.OData.Topic,42,31.0,39.0,Topic,HuishoudensZonderKinderen_31,Huishoudens zonder kinderen,"Meerpersoonshuishoudens zonder kinderen bestaan uit niet-gehuwde paren zonder kinderen, echtparen zonder kinderen en overige huishoudens.",,Long,aantal,0.0,Impossible,Absolute
Cbs.OData.Topic,43,32.0,39.0,Topic,HuishoudensMetKinderen_32,Huishoudens met kinderen,"Meerpersoonshuishoudens met kinderen bestaan uit niet-gehuwde paren met kinderen, echtparen met kinderen en eenouderhuishoudens.",,Long,aantal,0.0,Impossible,Absolute
Cbs.OData.Topic,44,33.0,39.0,Topic,GemiddeldeHuishoudensgrootte_33,Gemiddelde huishoudensgrootte,Dit gemiddelde is berekend als het aantal in particuliere huishoudens levende personen gedeeld door het aantal particuliere huishoudens.,,Double,aantal,1.0,Impossible,Absolute
Cbs.OData.Topic,45,34.0,6.0,Topic,Bevolkingsdichtheid_34,Bevolkingsdichtheid,"Het (niet afgeronde) aantal inwoners per km² land is bepaald door het (niet afgeronde) aantal inwoners op 1 januari te delen door de (niet afgeronde) landoppervlakte. 
De bevolkingsdichtheid is opgenomen indien er 10 of meer inwoners in de buurt voorkomen.

",,Long,aantal inwoners per km²,0.0,Impossible,Relative
Cbs.OData.TopicGroup,46,,,TopicGroup,,Wonen en vastgoed,,,,,,,
Cbs.OData.Topic,47,35.0,46.0,Topic,Woningvoorraad_35,Woningvoorraad,Het totale aantal woningen op 1 januari van het desbetreffende jaar. Een woning is een verblijfsobject met minimaal een woonfunctie en eventueel één of meer andere gebruiksfuncties.,,Long,aantal,0.0,Impossible,Absolute
Cbs.OData.Topic,48,36.0,46.0,Topic,NieuwbouwWoningen_36,Nieuwbouw woningen ,Het totale aantal woningen door nieuwbouw aan de voorraad toegevoegd in het desbetreffende jaar. Alle verblijfsobjecten met minimaal een woonfunctie en eventueel een of meer andere gebruiksfuncties worden als woning aangemerkt.,,Long,aantal,0.0,Impossible,Absolute
Cbs.OData.Topic,49,37.0,46.0,Topic,NietWoningvoorraad_37,Niet-woningvoorraad,"Het totale aantal niet-woningen op 1 januari van het desbetreffende jaar. Een niet-woning heeft geen woonfunctie, maar kan wel meerdere andere gebruiksfuncties hebben.",,Long,aantal,0.0,Impossible,Absolute
Cbs.OData.Topic,50,38.0,46.0,Topic,NieuwbouwNietWoningen_38,Nieuwbouw niet-woningen,"Het totale aantal niet-woningen door nieuwbouw aan de voorraad toegevoegd in het desbetreffende jaar. Een niet-woning heeft geen woonfunctie, maar kan wel meerdere andere gebruiksfuncties hebben.",,Long,aantal,0.0,Impossible,Absolute
Cbs.OData.Topic,51,39.0,46.0,Topic,GemiddeldeWOZWaardeVanWoningen_39,Gemiddelde WOZ-waarde van woningen,"Voor de bepaling van de gemiddelde WOZ-waarde van woningen wordt alleen gebruik gemaakt van BAG-objecten met een woonfunctie waarvoor een WOZ-waarde bekend is en die tussen de 10 duizend en de 5 miljoen euro ligt. 

Er wordt geen gemiddelde WOZ-waarde bepaald voor een regio als:
-	de woningvoorraad kleiner is dan 20 woningen
-	er voor minder dan 20 woningen een WOZ-waarde bekend is
-	er voor minder dan 85 procent van de woningen een WOZ-waarde bekend is.

De gemiddelde woningwaarde wordt bepaald met de waardepeildatum van voorgaand jaar, bijv:
- 2025: waardepeildatum 1 januari 2024

",,Long,x 1 000 euro,0.0,Impossible,Relative
Cbs.OData.TopicGroup,52,,46.0,TopicGroup,,Woningen naar type,"Er worden twee typen woningen onderscheiden, eengezins en meergezins. Een woning heeft het type meergezins wanneer het samen met andere woningen of (bedrijfs)ruimten een geheel pand vormt. Hieronder vallen flats, galerij-, portiek-, beneden- en bovenwoningen, appartementen en woningen boven bedrijfsruimten, voorzover deze zijn voorzien van een buiten de bedrijfsruimte gelegen toegangsdeur. Alle overige woningen hebben het type eengezins. Het percentage eengezins met onbekend verder type wordt niet weergegeven. Daardoor kan het voorkomen dat de onderliggende eengezins categorieën niet optellen tot de totale eengezins categorie.",,,,,,
Cbs.OData.Topic,53,40.0,52.0,Topic,PercentageEengezinswoning_40,Percentage eengezinswoning,"Peildatum: 1 januari van het desbetreffende jaar.
Het aantal eengezinswoningen is vermeld als percentage van de totale woningvoorraad en wordt alleen vermeld bij minimaal 20 woningen.
Eengezinswoning: Elke woning die tevens een geheel pand vormt. Hieronder vallen vrijstaande woningen, aaneengebouwde woningen, zoals twee onder één kap gebouwde hele huizen, boerderijen met woningen en voorts alle rijenhuizen.
",,Long,%,0.0,Impossible,Relative
Cbs.OData.Topic,54,41.0,52.0,Topic,PercentageTussenwoningEengezins_41,Percentage tussenwoning (eengezins),"Peildatum: 1 januari van het desbetreffende jaar.
Het aantal tussenwoningen is vermeld als afgerond geheel percentage van de totale woningvoorraad en wordt alleen vermeld bij minimaal 20 woningen.
Tussenwoningen zijn woningen gelegen in een rij met drie of meer aaneengesloten panden die aan twee of meer zijden verbonden zijn met de andere panden in de rij.
",,Long,%,0.0,Impossible,Relative
Cbs.OData.Topic,55,42.0,52.0,Topic,PercentageHoekwoningEengezins_42,Percentage hoekwoning (eengezins),"Peildatum: 1 januari van het desbetreffende jaar.
Het aantal hoekwoningen is vermeld als afgerond geheel percentage van de totale woningvoorraad en wordt alleen vermeld bij minimaal 20 woningen.
Hoekwoningen zijn woningen in een rij van drie of meer aaneengesloten panden gelegen op de hoek en dus met één ander pand een zijde delen.
",,Long,%,0.0,Impossible,Relative
Cbs.OData.Topic,56,43.0,52.0,Topic,PercentageTweeOnderEenKapWoningEe_43,Percentage twee-onder-één-kap-woning (ee,"Peildatum: 1 januari van het desbetreffende jaar.
Het aantal twee-onder-een-kapwoningen is vermeld als afgerond geheel percentage van de totale woningvoorraad en wordt alleen vermeld bij minimaal 20 woningen.
Twee-onder-één-kapwoningen zijn twee woningen (panden) die één zijde met elkaar delen.
",,Long,%,0.0,Impossible,Relative
Cbs.OData.Topic,57,44.0,52.0,Topic,PercentageVrijstaandeWoningEengezins_44,Percentage vrijstaande woning (eengezins,"Peildatum: 1 januari van het desbetreffende jaar.
Het aantal vrijstaande woningen is vermeld als afgerond geheel percentage van de totale woningvoorraad en wordt alleen vermeld bij minimaal 20 woningen.
Vrijstaande woningen zijn woningen die niet verbonden zijn met andere panden.
",,Long,%,0.0,Impossible,Relative
Cbs.OData.Topic,58,45.0,52.0,Topic,PercentageMeergezinswoning_45,Percentage meergezinswoning,"Peildatum: 1 januari van het desbetreffende jaar.
Het aantal meergezinswoningen is vermeld als percentage van de totale woningvoorraad en wordt alleen vermeld bij minimaal 20 woningen.
Meergezinswoning : Elke woning die samen met andere woonruimten c.q. bedrijfsruimten een geheel pand vormt. Hieronder vallen flats, galerij-, portiek-, beneden- en bovenwoningen, appartementen en woningen boven bedrijfsruimten, voor zover deze zijn voorzien van een buiten de bedrijfsruimte gelegen toegangsdeur.

",,Long,%,0.0,Impossible,Relative
Cbs.OData.Topic,59,46.0,46.0,Topic,OnbewoondeWoningen_46,Onbewoonde woningen,"Peildatum: 1 januari van het desbetreffende jaar.
Het aantal leegstaande woningen is vermeld als percentage van de totale woningvoorraad en wordt alleen vermeld bij minimaal 20 woningen.
Niet-bewoonde woningen: Woningen waar op de peildatum 1 januari niemand stond ingeschreven in de Basisregistratie Personen (BRP).

",,Long,%,0.0,Impossible,Relative
Cbs.OData.TopicGroup,60,,46.0,TopicGroup,,Woningen naar eigendom,Informatie over huur- en koopwoningen wordt samengesteld uit een koppeling tussen verschillende bronnen. Onbekend eigendom wordt niet weergegeven. Daardoor kan het voorkomen dat de categorieën niet optellen tot 100 procent. ,,,,,,
Cbs.OData.Topic,61,47.0,60.0,Topic,Koopwoningen_47,Koopwoningen,"Woningen die eigendom zijn van de (toekomstige) bewoner(s) of in gebruik als tweede woning. 

Peildatum: 1 januari van het desbetreffende jaar.
Het aantal is vermeld als percentage van het totaal aantal woningen en vermeld bij 20 woningen of meer per buurt en wanneer het aandeel woningen met eigendom onbekend 50 procent of minder bedroeg.

",,Long,%,0.0,Impossible,Relative
Cbs.OData.TopicGroup,62,,60.0,TopicGroup,,Huurwoningen,"Woningen die niet bewoond worden door de eigenaar van de woning. Bij woningen waar geen bewoner geregistreerd is, gaat het om woningen waarvan het aannemelijk is dat de woning bestemd is voor de huurmarkt.",,,,,,
Cbs.OData.Topic,63,48.0,62.0,Topic,HuurwoningenTotaal_48,Huurwoningen totaal,"Peildatum: 1 januari van het desbetreffende jaar.
Het aantal is vermeld als percentage van het totaal aantal woningen en vermeld bij 20 woningen of meer per buurt en wanneer het aandeel woningen met eigendom onbekend 50 procent of minder bedroeg.
",,Long,%,0.0,Impossible,Relative
Cbs.OData.Topic,64,49.0,62.0,Topic,InBezitWoningcorporatie_49,In bezit woningcorporatie,"Huurwoningen in eigendom van 'toegelaten instellingen volkshuisvesting'. Het betreft het aantal huurwoningen waarvan is vastgesteld dat de eigenaar een toegelaten instelling is. Het betreft niet het aantal sociale huurwoningen, omdat er alleen is vastgesteld wie de eigenaar is en er niet is gekeken naar de hoogte van de huurprijs.
Toegelaten instellingen: woningbouwvereniging, woningstichting, woningcorporatie. 
Sociale huurwoningen: woningen met een huur onder de liberalisatiegrens.

Peildatum: 1 januari van het desbetreffende jaar.
Het aantal is vermeld als percentage van het totaal aantal woningen en vermeld bij 20 woningen of meer per buurt en wanneer het aandeel woningen met eigendom onbekend 50 procent of minder bedroeg.

",,Long,%,0.0,Impossible,Relative
Cbs.OData.Topic,65,50.0,62.0,Topic,InBezitOverigeVerhuurders_50,In bezit overige verhuurders,"Een huurwoning in eigendom van onder andere bedrijven, particulieren en institutionele beleggers. Huurwoningen waarvan het eigendom wel kon worden vastgesteld maar de eigenaar niet vallen hier ook onder. 
Bedrijven: alle instellingen met een bedrijfsmatig karakter zoals bv's en nv's, zelfstandige ondernemers, makelaars en vastgoedhandelsmaatschappijen.
Particulieren: alle natuurlijke personen.
Institutionele beleggers: pensioenfondsen, beurs-, beleggings- en verzekeringsmaatschappijen.

Peildatum: 1 januari van het desbetreffende jaar.
Het aantal is vermeld als percentage van het totaal aantal woningen en vermeld bij 20 woningen of meer per buurt en wanneer het aandeel woningen met eigendom onbekend 50 procent of minder bedroeg.

",,Long,%,0.0,Impossible,Relative
Cbs.OData.TopicGroup,66,,46.0,TopicGroup,,Woningen naar bouwjaar,"De aanduiding van het bouwjaar van een pand, waarin een woning zich bevindt. Oorspronkelijk als het pand bouwkundig gereed is of wordt opgeleverd. Latere wijziging aan een pand leidt niet tot wijziging van het bouwjaar. Bij een verblijfobject dat in meerdere panden is gelegen, wordt het oudste bouwjaar genomen.
De bouwjaarklasse heeft hier twee waarden: 
1) in de afgelopen tien jaar gebouwd;
2)  meer dan tien jaar geleden gebouwd.
Onbekende bouwjaren worden niet weergegeven. Daardoor kan het voorkomen dat de categorieën niet optellen tot 100 procent.
",,,,,,
Cbs.OData.Topic,67,51.0,66.0,Topic,BouwjaarMeerDanTienJaarGeleden_51,Bouwjaar meer dan tien jaar geleden,"Peildatum: 1 januari van het desbetreffende jaar.
Het aantal woningen met bouwjaar meer dan tien jaar geleden, uitgedrukt in hele procenten van het totaal aantal woningen. Het percentage is vermeld bij 20 woningen of meer per buurt.
",,Long,%,0.0,Impossible,Relative
Cbs.OData.Topic,68,52.0,66.0,Topic,BouwjaarAfgelopenTienJaar_52,Bouwjaar afgelopen tien jaar,"Peildatum: 1 januari van het desbetreffende jaar.
Het aantal woningen met bouwjaar tien of minder jaar geleden, uitgedrukt in hele procenten van het totaal aantal woningen. Het percentage is vermeld bij 20 woningen of meer per buurt.
",,Long,%,0.0,Impossible,Relative
Cbs.OData.TopicGroup,69,,,TopicGroup,,Energie,,,,,,,
Cbs.OData.TopicGroup,70,,69.0,TopicGroup,,Gemiddelde elektriciteitslevering,"De gemiddelde jaarlevering van elektriciteit op individuele aansluitingen van particuliere woningen op het openbare elektriciteitsnet, zoals berekend vanuit de aansluitingenregisters van de netbedrijven. Collectieve elektriciteitsleveringen aan bijvoorbeeld liftinstallaties of hal-/galerijverlichting zijn niet meegeteld bij de berekening. 

De cijfers zijn afgerond op tientallen en vermeld bij zes of meer (bewoonde) woningen per woningtype of type eigendom.
",,,,,,
Cbs.OData.Topic,71,53.0,70.0,Topic,GemiddeldeElektriciteitsleveringTotaal_53,Gemiddelde elektriciteitslevering totaal,De gemiddelde elektriciteitslevering voor alle woningtypen samen.,,Long,kWh,0.0,Impossible,Absolute
Cbs.OData.Topic,72,54.0,70.0,Topic,GemiddeldeElektriciteitsteruglevering_54,Gemiddelde elektriciteitsteruglevering,"De gemiddelde teruglevering van elektriciteit vanaf individuele aansluitingen van particuliere woningen aan het openbare elektriciteitsnet.
De cijfers zijn afgerond op tientallen.
",,Long,,0.0,Impossible,Absolute
Cbs.OData.TopicGroup,73,,69.0,TopicGroup,,Gemiddeld aardgasverbruik,"Het gemiddeld jaarverbruik voor aardgas van particuliere woningen, zoals berekend uit de aansluitingenregisters van de energienetbedrijven.
Bij de berekening van het gemiddeld aardgasverbruik zijn woningen met een zeer laag of zelfs nulverbruik meegeteld indien er sprake is van stadsverwarming. Hierdoor valt in gebieden waar stadsverwarming aanwezig is het gemiddeld aardgasverbruik van woningen laag uit.

De cijfers zijn afgerond op tientallen en vermeld bij zes of meer (bewoonde) woningen per woningtype of type eigendom.

",,,,,,
Cbs.OData.Topic,74,55.0,73.0,Topic,GemiddeldAardgasverbruikTotaal_55,Gemiddeld aardgasverbruik totaal,Het gemiddeld aardgasverbruik voor alle woningtypen samen.,,Long,m³,0.0,Impossible,Absolute
Cbs.OData.Topic,75,56.0,73.0,Topic,PercentageWoningenMetStadsverwarming_56,Percentage woningen met stadsverwarming,"Het percentage woningen dat is aangesloten op stadsverwarming. 

Stadsverwarming is een verwarmingssysteem waarbij de woningen in een wijk worden verwarmd via een ondergronds netwerk van warmwaterleidingen. In veel gevallen maakt stadsverwarming gebruik van restwarmte van bijvoorbeeld elektriciteitscentrales. Het aardgasverbruik van deze woningen is in veel gevallen zeer laag of zelfs nul. De hoeveelheid warmte die door aangesloten woningen in een jaar wordt afgenomen van de stadsverwarming is niet beschikbaar. Het percentage is vermeld bij tien of meer (bewoonde) woningen. Voor de gemeentes is een percentage van minder dan vijf of groter dan 95 afgerond op vijftallen.
",,Double,%,1.0,Impossible,Relative
Cbs.OData.Topic,76,57.0,73.0,Topic,AardgasvrijeWoningen_57,Aardgasvrije woningen,"Het aandeel woningen dat geen gas verbruikt, maar hoofdzakelijk elektrisch is verwarmd en/of gekoppeld is aan stadsverwarming. De gaslevering is hier gelijk aan nul of er is geen gasaansluiting geconstateerd. 
Om onthulling van informatie over individuele huishoudens  te voorkomen zijn subpopulaties kleiner dan 100 woningen onderdrukt. Door afronding en onderdrukking tellen de verschillende subpopulaties niet altijd op tot de totale populatie.

De cijfers zijn afgerond op hele percentages.
",,Double,%,1.0,Impossible,Relative
Cbs.OData.Topic,77,58.0,73.0,Topic,Aardgaswoningen_58,Aardgaswoningen,"Het aandeel woningen dat hoofdzakelijk is verwarmd door middel van individuele CV of blokverwarming op gas. Bij deze woningen is geen elektrische verwarming en/of stadsverwarming geconstateerd. 
Om onthulling van informatie over individuele huishoudens  te voorkomen zijn subpopulaties kleiner dan 100 woningen onderdrukt. Door afronding en onderdrukking tellen de verschillende subpopulaties niet altijd op tot de totale populatie.

De cijfers zijn afgerond op hele percentages.
",,Double,%,1.0,Impossible,Relative
Cbs.OData.Topic,78,59.0,69.0,Topic,WoningenMetZonnestroom_59,Woningen met zonnestroom,"Het aandeel woningen met een  of meer zonnestroominstallaties. 
Om onthulling van informatie over individuele huishoudens  te voorkomen zijn subpopulaties kleiner dan 100 woningen onderdrukt. Door afronding en onderdrukking tellen de verschillende subpopulaties niet altijd op tot de totale populatie.
",,Double,%,1.0,Impossible,Relative
Cbs.OData.Topic,79,60.0,69.0,Topic,WoningenHoofdzElektrischVerwarmd_60,Woningen hoofdz. elektrisch verwarmd,"Het aandeel woningen dat hoofdzakelijk elektrisch is verwarmd, bijvoorbeeld via warmtepompen of stadsverwarming. 
Deze groep woningen is afgeleid uit gegevens over ISDE-subsidie, energielabels en/of maandelijks elektriciteitsverbruik. Om onthulling van informatie over individuele huishoudens  te voorkomen zijn subpopulaties kleiner dan 100 woningen onderdrukt. Door afronding en onderdrukking tellen de verschillende subpopulaties niet altijd op tot de totale populatie.
De cijfers zijn afgerond op hele percentages.
",,Double,%,1.0,Impossible,Relative
Cbs.OData.Topic,80,61.0,69.0,Topic,AantalPubliekeLaadpalen_61,Aantal publieke laadpalen,Het aantal publieke laadpalen per wijk en buurt die openbaar toegankelijk zijn. Laadpalen van particulieren bij woningen en bedrijven vallen hier niet onder.,,Long,aantal,0.0,Impossible,Absolute
Cbs.OData.TopicGroup,81,,,TopicGroup,,Onderwijs,,,,,,,
Cbs.OData.TopicGroup,82,,81.0,TopicGroup,,Onderwijssoort,"Leerlingen en studenten naar onderwijssoort en woonregio.
Deze indicator bevat het aantal leerlingen en studenten in het primair onderwijs (po), voortgezet onderwijs (vo) inclusief het voortgezet algemeen volwassenenonderwijs (vavo), middelbaar beroepsonderwijs (mbo), hoger beroepsonderwijs (hbo) en wetenschappelijk onderwijs (wo) naar woonregio op 1 oktober van een betreffend school-/studiejaar.
Leerlingen/studenten die bij meerdere onderwijssoorten staan ingeschreven, bijvoorbeeld hbo en wo, worden bij beide onderwijssoorten geteld.

De cijfers over het school-/studiejaar 2024/'25 zijn voorlopig.

Van sommige leerlingen of studenten is de woongemeente niet bekend. In dat geval worden deze alleen meegenomen in het totaal van Nederland. De optelling van gemeentelijke aantallen kan derhalve lager zijn dan het totaal van Nederland.
Het totaal aantal leerlingen en studenten woonachtig in een gemeente is inclusief de personen waarvan niet bekend is in welke wijk of buurt zij wonen. De optelling van aantallen bij de wijken binnen een gemeente kan derhalve lager zijn dan het totaal aantal van de gemeente. 
De onderwijscijfers zijn afgerond op tientallen. Hierdoor kan het ook voorkomen dat de som van regionale detailgegevens afwijkt van het totaal.

De woonregio is de regio waarin een leerling/student eind september van het betreffende school-/studiejaar woont. Wanneer van een leerling/student geen inschrijving bekend is in de Basisregistratie Personen, is de regio gebruikt waarin de leerling/student volgens de onderwijsregistratie verblijft. 
Een leerling/student kan in een andere regio naar school gaan. Vooral bij het hoger onderwijs starten regelmatig Duitse en Belgische studenten hun opleiding net over de grens in Nederland maar wonen dan nog in Duitsland of België, waardoor ze bij woonregio onbekend worden geteld.
",,,,,,
Cbs.OData.Topic,83,62.0,82.0,Topic,LeerlingenPo_62,Leerlingen po,"Leerlingen primair onderwijs. Onder primair onderwijs (po) wordt verstaan het basisonderwijs, het speciaal basisonderwijs zoals opgenomen in de Wet Primair Onderwijs en de speciale scholen zoals opgenomen in de Wet op de Expertisecentra.
Het betreft voorlopige cijfers.
",,Long,aantal,0.0,Impossible,Absolute
Cbs.OData.Topic,84,63.0,82.0,Topic,LeerlingenVoInclVavo_63,Leerlingen vo (incl. vavo) ,"Leerlingen voortgezet onderwijs inclusief voortgezet algemeen volwassenenonderwijs. Voortgezet onderwijs (vo) omvat algemene leerjaren, voorbereidend wetenschappelijk onderwijs (vwo), hoger algemeen voortgezet onderwijs (havo), voorbereidend middelbaar beroepsonderwijs (vmbo) inclusief leerwegondersteunend onderwijs (lwoo) en praktijkonderwijs.
Voortgezet algemeen volwassenenonderwijs (vavo) was oorspronkelijk voor volwassenen opgezet, maar is steeds meer tweedekansonderwijs geworden voor leerlingen die niet gelijk een diploma in het voortgezet onderwijs hebben behaald. Leerlingen in het vavo kunnen een diploma of deelcertificaat behalen op het niveau van vwo, havo of vmbo theoretische leerweg.
Het betreft voorlopige cijfers.
",,Long,aantal,0.0,Impossible,Absolute
Cbs.OData.Topic,85,64.0,82.0,Topic,StudentenMboExclExtranei_64,Studenten mbo (excl. extranei),"Studenten middelbaar beroepsonderwijs (exclusief extranei). Totaal Middelbaar beroepsonderwijs (mbo) (exclusief extranei) bestaande uit de leerwegen beroepsopleidende leerweg (bol; voltijd en deeltijd) en beroepsbegeleidende leerweg (bbl).
Het betreft voorlopige cijfers.
",,Long,aantal,0.0,Impossible,Absolute
Cbs.OData.Topic,86,65.0,82.0,Topic,StudentenHbo_65,Studenten hbo,"Studenten hoger beroepsonderwijs. Hoger beroepsonderwijs (hbo) is een onderwijssoort binnen het hoger onderwijs. Het hbo leidt over het algemeen op tot een bachelorgraad. Daarnaast zijn er kortere programma's die opleiden tot een associate degree. Ook kunnen hogescholen een masteropleiding aanbieden. Hbo-opleidingen worden verzorgd door hogescholen.
Het betreft voorlopige cijfers.
",,Long,aantal,0.0,Impossible,Absolute
Cbs.OData.Topic,87,66.0,82.0,Topic,StudentenWo_66,Studenten wo,"Studenten wetenschappelijk onderwijs. Het wetenschappelijk onderwijs (wo) is een onderwijssoort binnen het hoger onderwijs. Het wo leidt over het algemeen op tot een bachelor- of mastergraad. Ook is het mogelijk een diploma voor een vervolg- of beroepsopleiding te halen. Wo-opleidingen worden verzorgd door universiteiten.
Het betreft voorlopige cijfers.
",,Long,aantal,0.0,Impossible,Absolute
Cbs.OData.TopicGroup,88,,81.0,TopicGroup,,Hoogst behaald onderwijsniveau,"Deze variabelen geven het hoogst behaalde onderwijsniveau van personen per gemeente, wijk en buurt in Nederland. De gegevens hebben betrekking op alle personen die op 1 oktober in een Nederlandse gemeente waren ingeschreven en op dat moment behoorden tot de leeftijdscategorie 15 tot 75 jaar.

Cijfers worden afgerond op tientallen.
De gepresenteerde cijfers kunnen licht afwijken van de som van de gegevens op onderliggende regionale niveaus. Dit heeft te maken met afronding evenals met de toegepaste schattingsmethode.
Buurten / wijken met minder dan 30 inwoners worden onderdrukt. Het kan voorkomen dat extra buurten  / wijken worden onderdrukt i.v.m. risico op indirecte onthulling of groepsonthulling. 
",,,,,,
Cbs.OData.Topic,89,67.0,88.0,Topic,BasisonderwijsVmboMbo1_67,"Basisonderwijs, vmbo, mbo1","Het aantal personen die op 1 oktober (jaar T) tussen de 15 en 75 jaar oud waren en waren ingeschreven in een Nederlandse gemeente, waarvan het hoogst behaalde onderwijsniveau basisonderwijs, vmbo of mbo1 betreft. ",,Long,aantal,0.0,Impossible,Absolute
Cbs.OData.Topic,90,68.0,88.0,Topic,HavoVwoMbo24_68,"Havo, vwo, mbo2-4","Het aantal personen die op 1 oktober (jaar T) tussen de 15 en 75 jaar oud waren en waren ingeschreven in een Nederlandse gemeente, waarvan het hoogst behaalde onderwijsniveau havo, vwo of mbo2, mbo3 of mbo4  betreft.",,Long,aantal,0.0,Impossible,Absolute
Cbs.OData.Topic,91,69.0,88.0,Topic,HboWo_69,"Hbo, wo","Het aantal personen die op 1 oktober (jaar T) tussen de 15 en 75 jaar oud waren en waren ingeschreven in een Nederlandse gemeente, waarvan het hoogstbehaalde onderwijsniveau hbo of wo betreft.",,Long,aantal,0.0,Impossible,Absolute
Cbs.OData.TopicGroup,92,,,TopicGroup,,Arbeid,"Deze variabelen geven per gemeente, wijk en buurt inzicht in de nettoarbeidsparticipatie en het percentage werknemers en zelfstandigen. 

De nettoarbeidsparticipatie is vermeld als percentage van het totaal aantal personen van 15 tot 75 jaar en vermeld bij minimaal 150 inwoners in een buurt. Het percentage werknemers en het percentage zelfstandigen zijn vermeld bij minimaal 150 werkenden (van 15 tot 75 jaar) in een buurt.
",,,,,,
Cbs.OData.Topic,93,70.0,92.0,Topic,WerkzameBeroepsbevolking_70,Werkzame beroepsbevolking,,,Long,aantal,0.0,Impossible,Absolute
Cbs.OData.Topic,94,71.0,92.0,Topic,Nettoarbeidsparticipatie_71,Nettoarbeidsparticipatie,"Het aandeel van de werkzame beroepsbevolking in de bevolking (beroeps- en niet-beroepsbevolking).

Deze definitie heeft betrekking op personen die in Nederland wonen (exclusief de institutionele bevolking). De gegevens worden meestal gepresenteerd voor de bevolking van 15 tot 75 jaar.

Het betreft voorlopige cijfers.
",,Long,%,0.0,Impossible,Relative
Cbs.OData.TopicGroup,95,,92.0,TopicGroup,,Onderverdeling werkenden,,,,,,,
Cbs.OData.Topic,96,72.0,95.0,Topic,PercentageWerknemers_72,Percentage werknemers,"Een persoon die in een arbeidsovereenkomst afspraken met een economische eenheid maakt om arbeid te verrichten waartegenover een financiële beloning staat.

Als een persoon meer dan één baan of werkkring heeft, dan wordt uitgegaan van de baan of werkkring waaraan de meeste tijd wordt besteed.

Het betreft voorlopige cijfers.
",,Long,%,0.0,Impossible,Relative
Cbs.OData.Topic,97,73.0,95.0,Topic,WerknemersMetVasteArbeidsr_73,Werknemers met vaste arbeidsr,"Een werknemer met een arbeidsovereenkomst voor onbepaalde tijd én een vast aantal uren per week.

Het betreft voorlopige cijfers.
",,Long,%,0.0,Impossible,Relative
Cbs.OData.Topic,98,74.0,95.0,Topic,WerknemersMetFlexibeleArbe_74,Werknemers met flexibele arbe,"Een werknemer met een arbeidsovereenkomst voor bepaalde tijd óf een flexibel aantal uren per week.

Tot de werknemers met een flexibele arbeidsrelatie behoren:
- Werknemer tijdelijk, uitzicht op vast 
- Werknemer tijdelijk >=1 jaar
- Werknemer tijdelijk <1 jaar
- Oproep/-invalkracht
- Uitzendkracht
- Werknemer flex, contract onbekend.

Het betreft voorlopige cijfers.
",,Long,%,0.0,Impossible,Relative
Cbs.OData.Topic,99,75.0,95.0,Topic,PercentageZelfstandigen_75,Percentage zelfstandigen,"Een persoon die voor eigen rekening of risico arbeid verricht 
- in een eigen bedrijf of praktijk (zelfstandig ondernemer),  
- als directeur-grootaandeelhouder (dga),
- in het bedrijf of de praktijk van een gezinslid (meewerkend gezinslid), of 
- als overige zelfstandige.

Als een persoon meer dan één baan of werkkring heeft, dan wordt uitgegaan van de baan of werkkring waaraan de meeste tijd wordt besteed.

Het betreft voorlopige cijfers.
",,Long,%,0.0,Impossible,Relative
Cbs.OData.TopicGroup,100,,,TopicGroup,,Inkomen,"Deze variabelen geven informatie over het persoonlijk inkomen van personen in particuliere huishoudens waarvan het inkomen is waargenomen en het inkomen van particuliere huishoudens met een waargenomen inkomen. De gegevens komen uit de Integrale Inkomens- en Vermogensstatistiek (IIVS) met als populatie de bevolking van Nederland op 1 januari van het verslagjaar met het inkomen over het verslagjaar. 

De Integrale Inkomens- en Vermogensstatistiek van het CBS is voornamelijk gebaseerd op registers afkomstig van het Ministerie van Financiën (de fiscale registers) en de bevolkingsregisters van de Nederlandse gemeenten (Basisregistratie personen). De Basisregistratie personen is een register waarin alle inwoners van een gemeente behoren te zijn ingeschreven. Uitgezonderd zijn:
- Inwoners van Nederland die gebruik maken van uitzonderingsregels die gelden met betrekking tot opneming in de bevolkingsregisters (niet-Nederlandse diplomaten en niet-Nederlandse NAVO militairen). Zij mogen zelf bepalen of zij in de bevolkingsregisters ingeschreven worden of niet.
- Asielzoekers die korter dan zes maanden in de centrale opvang verblijven en nog geen verblijfsvergunning hebben gekregen.
",,,,,,
Cbs.OData.TopicGroup,101,,100.0,TopicGroup,,Personen,"De doelpopulatie bestaat uit personen behorende tot particuliere huishoudens waarvan het inkomen is waargenomen.
 
De inkomensgegevens zijn gebaseerd op het persoonlijk inkomen. Dit omvat de volgende bestanddelen van het bruto-inkomen van een persoon:
- inkomen uit arbeid;
- inkomen uit eigen onderneming;
- uitkering inkomensverzekeringen;
- uitkering sociale voorzieningen (met uitzondering van kinderbijslag).
",,,,,,
Cbs.OData.Topic,102,76.0,101.0,Topic,AantalInkomensontvangers_76,Aantal inkomensontvangers  ,"Personen met persoonlijk inkomen in particuliere huishoudens. 
De cijfers zijn afgerond op honderdtallen.

Het betreft voorlopige cijfers.
",,Long,aantal,0.0,Impossible,Absolute
Cbs.OData.Topic,103,77.0,101.0,Topic,GemiddeldInkomenPerInkomensontvanger_77,Gemiddeld inkomen per inkomensontvanger ,"Het rekenkundig gemiddeld persoonlijk inkomen per persoon op basis van personen met persoonlijk inkomen die deel uitmaken van particuliere huishoudens.
De waarde is vermeld bij minimaal 2.500 personen met persoonlijk inkomen in particuliere huishoudens per regio.

Het betreft voorlopige cijfers.
",,Double,x 1 000 euro,1.0,Impossible,Relative
Cbs.OData.Topic,104,78.0,101.0,Topic,GemiddeldInkomenPerInwoner_78,Gemiddeld inkomen per inwoner ,"Het rekenkundig gemiddeld persoonlijk inkomen per persoon op basis van de totale bevolking in particuliere huishoudens.
De waarde is vermeld bij minimaal 2.500 personen in particuliere huishoudens per regio.

Het betreft voorlopige cijfers.
",,Double,x 1 000 euro,1.0,Impossible,Relative
Cbs.OData.Topic,105,79.0,101.0,Topic,k_40PersonenMetLaagsteInkomen_79,40% personen met laagste inkomen,"Aandeel personen in particuliere huishoudens die behoren tot de landelijke 40% personen met het laagste persoonlijk inkomen.
Personen met persoonlijk inkomen in particuliere huishoudens zijn ingedeeld naar hoogte van het persoonlijk inkomen. 
De indeling vindt plaats nadat alle personen landelijk zijn gerangschikt van laag naar hoog persoonlijk inkomen. Tot de laagste 40-procent-groep worden de veertig procent personen met het laagste persoonlijk inkomen gerekend.
Het persoonlijk inkomen omvat inkomen uit arbeid, inkomen uit eigen onderneming, uitkering inkomensverzekeringen en uitkering sociale voorzieningen (met uitzondering van kinderbijslag).
Het percentage is vermeld bij minimaal 100 personen met persoonlijk inkomen in particuliere huishoudens per regio.

Het betreft voorlopige cijfers.

",,Double,%,1.0,Impossible,Relative
Cbs.OData.Topic,106,80.0,101.0,Topic,k_20PersonenMetHoogsteInkomen_80,20% personen met hoogste inkomen,"Aandeel personen in particuliere huishoudens die behoren tot de landelijke 20% personen met het hoogste persoonlijk inkomen.
Personen met persoonlijk inkomen in particuliere huishoudens zijn ingedeeld naar hoogte van het persoonlijk inkomen. 
De indeling vindt plaats nadat alle personen landelijk zijn gerangschikt van laag naar hoog persoonlijk inkomen. Tot de hoogste 20-procent-groep worden de twintig procent personen met het hoogste persoonlijk inkomen gerekend.
Het persoonlijk inkomen omvat inkomen uit arbeid, inkomen uit eigen onderneming, uitkering inkomensverzekeringen en uitkering sociale voorzieningen (met uitzondering van kinderbijslag).
Het percentage is vermeld bij minimaal 100 personen met persoonlijk inkomen in particuliere huishoudens per regio.

Het betreft voorlopige cijfers.

",,Double,%,1.0,Impossible,Relative
Cbs.OData.Topic,107,81.0,101.0,Topic,PersonenInArmoede_81,Personen in armoede,Het aantal personen in particuliere huishoudens met een huishoudensinkomen onder de armoedegrens ten opzichte van het totaal aantal personen in particuliere huishoudens.,,Double,%,1.0,Impossible,Relative
Cbs.OData.Topic,108,82.0,101.0,Topic,PersonenTot25BovenArmoedegrens_82,Personen tot 25% boven armoedegrens,"Het aantal personen in particuliere huishoudens met een huishoudensinkomen tussen de armoedegrens en 25% boven de armoedegrens, ten opzichte van het totaal aantal personen in particuliere huishoudens.",,Double,%,1.0,Impossible,Relative
Cbs.OData.TopicGroup,109,,100.0,TopicGroup,,Huishoudens,De doelpopulatie bestaat uit particuliere huishoudens waarvan het inkomen is waargenomen.,,,,,,
Cbs.OData.Topic,110,83.0,109.0,Topic,GemGestandaardiseerdInkomen_83,Gem. gestandaardiseerd inkomen,"Het besteedbaar inkomen gecorrigeerd voor verschillen in grootte en samenstelling van het huishouden. Deze correctie vindt plaats met behulp van equivalentiefactoren. In de equivalentiefactor komen de schaalvoordelen tot uitdrukking die het gevolg zijn van het voeren van een gemeenschappelijke huishouding. Met behulp van de equivalentiefactoren worden alle inkomens herleid tot het inkomen van een eenpersoonshuishouden. Op deze wijze zijn de welvaartsniveaus van huishoudens onderling vergelijkbaar gemaakt. Het gestandaardiseerd inkomen is een maat voor de welvaart van (de leden van) een huishouden.

Het betreft voorlopige cijfers.

",,Double,x 1 000 euro,1.0,Impossible,Relative
Cbs.OData.Topic,111,84.0,109.0,Topic,k_40HuishoudensMetLaagsteInkomen_84,40% huishoudens met laagste inkomen,"Aandeel particuliere huishoudens die behoren tot de landelijke 40% huishoudens met het laagste huishoudensinkomen.
Particuliere huishoudens zijn ingedeeld naar hoogte van het besteedbaar huishoudensinkomen. 
De indeling vindt plaats nadat huishoudens landelijk zijn gerangschikt van laag naar hoog besteedbaar huishoudensinkomen. Tot de laagste 40-procent-groep worden de veertig procent huishoudens met het laagste besteedbaar inkomen gerekend.
Het percentage is vermeld bij minimaal 100 particuliere huishoudens per regio. 

Het besteedbaar inkomen van particuliere huishoudens bestaat uit het bruto-inkomen verminderd met: 
- betaalde inkomensoverdrachten, zoals alimentatie van de ex-echtgeno(o)t(e);
- premies inkomensverzekeringen zoals premies betaald voor sociale verzekeringen, volksverzekeringen en particuliere verzekeringen in verband met werkloosheid, arbeidsongeschiktheid en ouderdom en nabestaanden;
- premies ziektekostenverzekeringen;
- belastingen op inkomen en vermogen.

Het betreft voorlopige cijfers.
",,Double,%,1.0,Impossible,Relative
Cbs.OData.Topic,112,85.0,109.0,Topic,k_20HuishoudensMetHoogsteInkomen_85,20% huishoudens met hoogste inkomen,"Aandeel particuliere huishoudens die behoren tot de landelijke 20% huishoudens met het hoogste huishoudensinkomen.
Particuliere huishoudens zijn ingedeeld naar hoogte van het besteedbaar huishoudensinkomen. 
De indeling vindt plaats nadat huishoudens landelijk zijn gerangschikt van laag naar hoog besteedbaar huishoudensinkomen. Tot de hoogste 20-procent-groep worden de twintig procent huishoudens met het hoogste besteedbaar inkomen gerekend.
Het percentage is vermeld bij minimaal 100 particuliere huishoudens per regio. 

Het besteedbaar inkomen van particuliere huishoudens bestaat uit het bruto-inkomen verminderd met: 
- betaalde inkomensoverdrachten, zoals alimentatie van de ex-echtgeno(o)t(e);
- premies inkomensverzekeringen zoals premies betaald voor sociale verzekeringen, volksverzekeringen en particuliere verzekeringen in verband met werkloosheid, arbeidsongeschiktheid en ouderdom en nabestaanden;
- premies ziektekostenverzekeringen;
- belastingen op inkomen en vermogen.

Het betreft voorlopige cijfers.
",,Double,%,1.0,Impossible,Relative
Cbs.OData.Topic,113,86.0,109.0,Topic,MediaanVermogenVanParticuliereHuish_86,Mediaan vermogen van particuliere huish.,"De mediaan is het middelste getal wanneer alle getallen van laag naar hoog worden gesorteerd. Vermogen is het saldo van bezittingen en schulden. Bezittingen worden gevormd door bank- en spaartegoeden, effecten, de eigen woning, overig onroerend goed, ondernemingsvermogen, aanmerkelijk belang en de overige bezittingen. De schulden omvatten onder meer schulden ten behoeve van een eigen woning en consumptief krediet.

Het betreft voorlopige cijfers.
",,Long,x 1 000 euro,0.0,Impossible,Relative
Cbs.OData.TopicGroup,114,,,TopicGroup,,Sociale zekerheid,"Deze variabelen geven per gemeente, wijk en buurt inzicht in het aantal personen dat een uitkering ontvangt op grond van arbeidsongeschiktheid, bijstand, werkloosheid en ouderdom.
Het is mogelijk dat een persoon aanspraak maakt op meer dan één uitkering. Dat kunnen uitkeringen zijn van eenzelfde soort (bijvoorbeeld twee uitkeringen op grond van de Wet op de arbeidsongeschiktheidsverzekering (WAO)) of twee uitkeringen van verschillende soort (zoals een uitkering op grond van de Werkloosheidswet en een bijstandsuitkering). In het laatste geval wordt de persoon bij beide soorten uitkeringen meegeteld, in het eerste geval slechts één keer (bij de WAO).

Op het gebied van sociale zekerheid vinden er regelmatig revisies plaats. Via het thema sociale zekerheid in StatLine vindt u altijd de meest recente cijfers.   

",,,,,,
Cbs.OData.Topic,115,87.0,114.0,Topic,PersonenPerSoortUitkeringBijstand_87,Personen per soort uitkering; Bijstand,"Personen die een bijstandsuitkering op grond van de Participatiewet ontvangen.
Personen met een uitkering die verblijven in een instelling, de elders verzorgden, zijn niet inbegrepen. Ook dak- en thuislozen met bijstand zijn niet inbegrepen. De cijfers zijn standcijfers op de laatste dag van verslagmaand december.

Participatiewet
De Participatiewet vervangt sinds 1 januari 2015 de Wet werk en bijstand (WWB), de Wet Sociale Werkvoorziening (WsW) en een groot deel van de Wet werk en arbeidsondersteuning jonggehandicapten (wet Wajong).De Participatiewet komt vrijwel overeen met de WWB, maar nog sterker wordt de nadruk gelegd op participatie aan het arbeidsproces.
De wet regelt in Nederland de ondersteuning bij arbeidsinschakeling en het verlenen van bijstand door gemeenten voor mensen die weinig of geen ander inkomen (waaronder andere uitkeringen) hebben en ook weinig of geen vermogen. Gemeenten voeren de wet uit en bepalen, binnen de wettelijke grenzen, hun eigen beleid.


Op het gebied van sociale zekerheid vinden er regelmatig revisies plaats. Via het thema sociale zekerheid in StatLine vindt u altijd de meest recente cijfers.   
",,Long,aantal,0.0,Impossible,Absolute
Cbs.OData.Topic,116,88.0,114.0,Topic,PersonenPerSoortUitkeringAO_88,Personen per soort uitkering; AO,"Personen die een arbeidsongeschiktheidsuitkering ontvangen op grond van de Wet op de arbeidsongeschiktheidsverzekering (WAO), de Wet arbeidsongeschiktheidsverzekering zelfstandigen (WAZ), Wet werk en arbeidsondersteuning jonggehandicapten (wet Wajong) en de Wet werk en Inkomen naar arbeidsvermogen (WIA). De cijfers zijn standcijfers op de laatste dag van verslagmaand december.

Wet op de arbeidsongeschiktheidsverzekering (WAO)
Wet die als doel heeft om personen in loondienst te verzekeren van een loonvervangende uitkering bij langdurige arbeidsongeschiktheid. De WAO is met ingang van 29 december 2005 vervangen door de Wet werk en inkomen naar arbeidsvermogen (WIA), maar blijft bestaan voor mensen die al een WAO-uitkering hadden of binnen 5 jaar na het beëindigen van de uitkering opnieuw arbeidsongeschikt worden door dezelfde oorzaak.

Wet arbeidsongeschiktheidsverzekering zelfstandigen (WAZ)
Een verplichte verzekering voor zelfstandigen, beroepsbeoefenaren, directeuren-grootaandeelhouders en meewerkende echtgenoten tegen de financiële gevolgen van langdurige arbeidsongeschiktheid. 
De WAZ is met ingang van 1 augustus 2004 geblokkeerd, maar blijft bestaan voor mensen die al een WAZ-uitkering hadden.

Wet werk en arbeidsondersteuning jonggehandicapten (wet Wajong)
Wettelijke voorziening in de financiële gevolgen van langdurige arbeidsongeschiktheid van mensen die geen aanspraak kunnen maken op de WAO/WIA omdat er geen arbeidsverleden is opgebouwd. 
Dit zijn mensen die arbeidsongeschikt zijn voor de dag dat zij 17 jaar worden of na hun 17e jaar arbeidsongeschikt worden en een opleiding of studie volgen.

Met ingang van 1 januari 2010 is de Wet werk en arbeidsondersteuning jonggehandicapten (Wet Wajong) in werking getreden, ter vervanging van de oude Wajong. 
In tegenstelling tot de 'oude' Wajong hebben jongeren met een ziekte of handicap in de eerste plaats recht op hulp bij het vinden en houden van werk. Daaraan gekoppeld kunnen ze een inkomensondersteuning krijgen. De 'oude' Wajong blijft gelden voor jongeren die voor 1 januari 2010 een uitkering hebben aangevraagd.

Wet werk en inkomen naar arbeidsvermogen (WIA)
De wet geeft werknemers die na een wachttijd van twee jaar nog minstens 35 procent arbeidsongeschikt zijn, recht op een uitkering.
De wet is zo opgezet dat een persoon gestimuleerd wordt om naar vermogen te werken.
De WIA kent twee regelingen: de regeling inkomensvoorziening volledig arbeidsongeschikten (IVA) en de regeling werkhervatting gedeeltelijk arbeidsgeschikten (WGA).
De IVA regelt een loonvervangende uitkering voor werknemers die volledig en duurzaam arbeidsongeschikt zijn.
De WGA regelt een aanvulling op het met arbeid verdiende inkomen of een minimumuitkering als men niet of onvoldoende werkt.


Op het gebied van sociale zekerheid vinden er regelmatig revisies plaats. Via het thema sociale zekerheid in StatLine vindt u altijd de meest recente cijfers.
",,Long,aantal,0.0,Impossible,Absolute
Cbs.OData.Topic,117,89.0,114.0,Topic,PersonenPerSoortUitkeringWW_89,Personen per soort uitkering; WW,"Personen die een uitkering ontvangen op grond van de Werkloosheidswet (WW). De cijfers zijn standcijfers op de laatste dag van verslagmaand december.

Werkloosheidswet (WW)
De wet heeft tot doel werknemers te verzekeren tegen de financiële gevolgen van werkloosheid. 
De wet voorziet in een uitkering die gerelateerd is aan het laatstverdiende inkomen uit dienstbetrekking. De duur van de uitkering is afhankelijk van het arbeidsverleden van de verzekerde. Het Uitvoeringsinstituut Werknemersverzekeringen (UWV) beoordeelt of men voor een WW-uitkering in aanmerking komt.


Op het gebied van sociale zekerheid vinden er regelmatig revisies plaats. Via het thema sociale zekerheid in StatLine vindt u altijd de meest recente cijfers.   
",,Long,aantal,0.0,Impossible,Absolute
Cbs.OData.Topic,118,90.0,114.0,Topic,PersonenPerSoortUitkeringAOW_90,Personen per soort uitkering; AOW,"Het aantal personen dat een uitkering ontvangt in het kader van de Algemene ouderdomswet (AOW). De cijfers zijn standcijfers op de laatste dag van verslagmaand december.

Algemene Ouderdomswet (AOW)
De AOW is een algemene, de gehele bevolking omvattende, verplichte verzekering die personen vanaf de AOW-gerechtigde leeftijd een inkomen garandeert. In het Nederlandse sociale zekerheidsstelsel is dit een volksverzekering. 
In principe is iedereen die nog niet de AOW-gerechtige leeftijd heeft bereikt en in Nederland woont, verzekerd voor de AOW. 
Ook degenen die niet in Nederland wonen, maar in Nederland in dienstbetrekking arbeid verrichten waarover loonbelasting wordt betaald, zijn verzekerd. 
Voor perioden die men in het buitenland woont, kan men zich verzekeren tegen verlies van aanspraak op een AOW-uitkering. 
Een uitkering kan, binnen het kader van de wet Beperking export uitkeringen (wet BEU), naar het buitenland worden overgemaakt.

AOW-gerechtigde leeftijd (AOW-leeftijd) 
De AOW-leeftijd is de leeftijd waarop het AOW-pensioen ingaat. De AOW-leeftijd is tot en met 2024 als volgt:

Tot 2013: 65 jaar
2013: 65 jaar en 1 maand
2014: 65 jaar en 2 maanden
2015: 65 jaar en 3 maanden
2016: 65 jaar en 6 maanden
2017: 65 jaar en 9 maanden
2018: 66 jaar 
2019-2021: 66 jaar en 4 maanden. 
2022: 66 jaar en 7 maanden
2023: 66 jaar en 10 maanden
2024: 67 jaar.

Na 2024 zal de AOW-leeftijd niet 1 jaar stijgen per jaar dat we langer leven, maar 8 maanden. De AOW-leeftijd blijft dus gekoppeld aan de levensverwachting, maar in mindere mate.


Op het gebied van sociale zekerheid vinden er regelmatig revisies plaats. Via het thema sociale zekerheid in StatLine vindt u altijd de meest recente cijfers.   


",,Long,aantal,0.0,Impossible,Absolute
Cbs.OData.TopicGroup,119,,,TopicGroup,,Zorg,"Deze variabelen geven per gemeente, wijk en buurt inzicht in het aantal personen dat gebruik maakte van jeugdzorg in natura en/of een maatwerkvoorziening in het kader van de Wet maatschappelijke ondersteuning.

De cijfers zijn afgerond op vijftallen. Om het risico op onthulling van individuen te voorkomen zijn de waarden 0 tot en met 7 weergegeven als geheim. Hierdoor kan het voorkomen, dat de som van de detailgegevens afwijkt van het totaal.
",,,,,,
Cbs.OData.Topic,120,91.0,119.0,Topic,JongerenMetJeugdzorgInNatura_91,Jongeren met jeugdzorg in natura,"Personen tot 23 jaar die op enig moment in de verslagperiode gebruik gemaakt hebben van jeugdhulp in natura, jeugdbescherming of jeugdreclassering. 

Jeugdhulp in natura is hulp en zorg zoals deze bedoeld en beschreven is in de Jeugdwet, en in natura door de zorgaanbieder is geleverd. PGB gefinancierde hulp en zorg valt hier dus buiten. Het betreft hulp en zorg aan jongeren en hun ouders bij psychische, psychosociale en/of gedragsproblemen, een verstandelijke beperking van de jongere, of opvoedingsproblemen van de ouders. De hulp is bedoeld voor kinderen en jongeren tot 18 jaar en kan verlengd worden tot 23 jaar. Als de jongere overnacht bij de jeugdhulpinstelling, het pleeggezin of het gezinshuis, is er sprake van jeugdhulp met verblijf.

Jeugdhulp in natura wordt direct vergoed  aan de zorgverlener zonder tussenkomst van de zorggebruiker. In het kader van de jeugdzorg betekent dit dat de hulp rechtstreeks door de gemeente wordt vergoed.

Persoonsgebonden budget (PGB) is een geldbedrag waarmee de zorggebruiker zelf zorg, begeleiding, hulp, hulpmiddelen of voorzieningen in kan kopen. Deze wordt verstrekt via de Sociale verzekeringsbank (SVB) maar is ook afkomstig van de gemeente.

Jeugdbescherming is een maatregel die de rechter dwingend oplegt. Het doel van de kinderbeschermingsmaatregelen is het opheffen van de bedreiging voor de veiligheid en ontwikkeling van het kind. Een kind of jongere wordt dan 'onder toezicht gesteld' of ‘onder voogdij geplaatst’.

Jeugdreclassering is een combinatie van toezicht en begeleiding en controle voor jongeren vanaf 12 jaar, die voor hun 18e verjaardag met de politie of leerplichtambtenaar in aanraking zijn geweest en een proces-verbaal hebben gekregen. Bij jongvolwassenen in de leeftijd van 18 tot en met 22 jaar kan ook het jeugdstrafrecht toegepast worden op grond van het adolescentenstrafrecht, indien het ontwikkelingsniveau van de dader daartoe aanleiding geeft.  De jongere krijgt op maat gesneden begeleiding van een jeugdreclasseringswerker om te voorkomen dat hij of zij opnieuw de fout ingaat. Jeugdreclassering kan worden opgelegd door de kinderrechter of het openbaar ministerie. Jeugdreclassering kan ook op initiatief van de Raad voor de Kinderbescherming in het vrijwillige kader worden opgestart.

Indeling naar gemeente, wijk en buurt
De indeling naar gemeente en wijk is gebaseerd op het adres van de gezagsdrager van de jongere. Er is uitgegaan van het woonplaatsbeginsel zoals dat is toegepast in de Jeugdwet die vanaf 2015 in werking is getreden. Wanneer het adres gedurende de verslagperiode is gewijzigd krijgt de jongere in deze tabel het meest recente adres toegewezen.
Voor sommige jongeren is alleen de gemeente volgens woonplaatsbeginsel bekend, maar niet het specifieke adres. In deze gevallen wordt de jongere wel meegeteld in het totaal voor de gemeente, maar niet in één van de onderliggende wijken. Hierdoor kan het voorkomen dat de cijfers van de wijken binnen een gemeente niet optellen tot het totaal van de gemeente.
",,Long,aantal,0.0,Impossible,Absolute
Cbs.OData.Topic,121,92.0,119.0,Topic,PercentageJongerenMetJeugdzorg_92,Percentage jongeren met jeugdzorg,"Percentage van personen tot 23 jaar die op enig moment in de verslagperiode gebruik gemaakt hebben van jeugdhulp, jeugdbescherming of jeugdreclassering. ",,Double,%,1.0,Impossible,Relative
Cbs.OData.Topic,122,93.0,119.0,Topic,WmoClienten_93,Wmo-cliënten,"Aantal personen dat ten minste één in het kader van de Wet maatschappelijke ondersteuning (Wmo) heeft gehad. Deze cijfers zijn samengesteld op basis van gegevens die gemeenten aan CBS hebben geleverd in het kader van de Gemeentelijke Monitor Sociaal Domein. 

Maatwerkvoorziening
Ondersteuning binnen het kader van de Wmo2015 geleverd in de vorm van een product of dienst die is afgestemd op de wensen, persoonskenmerken mogelijkheden en behoeften van een individu.

Wmo2015
Wet maatschappelijke ondersteuning zoals ingegaan op 1 januari 2015. Deze wet stelt gemeenten verantwoordelijk voor het ondersteunen van de zelfredzaamheid en participatie van mensen met een beperking, chronische psychische of psychosociale problemen. 

Regio
Alleen de gegevens van gemeenten die aangeleverd hebben en die toestemming hebben gegeven voor publicatie worden gepubliceerd. Gemeenten kunnen daarbij apart toestemming geven voor de basisvariabelen Wmo en de facultatieve variabelen Wmo. Als gemeenten herlevering doen over eerdere verslagperioden, is de toestemming voor publicatie zoals die bij de herlevering is gegeven, leidend.

De cijfers over het totaal aantal cliënten in Nederland zijn geschat met een regressiemodel op de data van de deelnemende gemeenten. Voor meer informatie over deze methode wordt verwezen naar de onderzoeksbeschrijving Gemeentelijke monitor sociaal domein, Wmo.
",,Long,aantal,0.0,Impossible,Absolute
Cbs.OData.Topic,123,94.0,119.0,Topic,WmoClientenRelatief_94,Wmo-cliënten relatief,Het aantal Wmo-cliënten per 1000 inwoners dat ten minste één maatwerkvoorziening in het kader van de Wet maatschappelijke ondersteuning (Wmo) heeft gehad. De relatieve cijfers zijn berekend na het afronden van de absolute cijfers.,,Long,per 1 000 inwoners,0.0,Impossible,Relative
Cbs.OData.TopicGroup,124,,,TopicGroup,,"Bedrijfsvestigingen, SBI 2008","Bedrijfsvestigingen naar activiteit op 1 januari (SBI 2008).
 
Deze tabel bevat gegevens over het aantal vestigingen van bedrijven naar economische activiteit, gebaseerd op de Standaard Bedrijfsindeling 2008 (SBI 2008). De vestigingen zijn voorts ingedeeld naar de gemeentelijke indeling per 1 januari van het verslagjaar, naar wijken en naar buurten. 

Status van de cijfers: 
De cijfers hebben een voorlopig karakter.

Vestiging:
Elke afzonderlijk gelegen ruimte, terrein of complex van ruimten of terreinen, benut door een bedrijf voor uitoefening van de activiteiten. Ieder bedrijf bestaat uit ten minste één vestiging. Meerdere locaties van een bedrijf binnen één postcodegebied worden als één vestiging beschouwd.

Standaard Bedrijfsindeling 2008 (SBI 2008): 
De Nederlandse hiërarchische indeling van economische activiteiten die door het CBS wordt gebruikt om bedrijfseenheden in te delen naar hun hoofdactiviteit. De SBI 2008 is de versie die vanaf 2008 gebruikt wordt.

In deze tabel is gekozen voor de hoofdactiviteit (SBI) van de vestiging. Niet iedere vestiging van een bedrijf houdt zich bezig met de hoofdactiviteit (SBI) van het bedrijf als geheel. Om te weten welke activiteiten worden uitgevoerd in een regio is de hoofdactiviteit (SBI) van de vestiging gebruikt. In de tabel zijn de vestigingen (naast de totalen) ook naar de volgende acht sectoren onderverdeeld:
A  Landbouw, bosbouw en visserij
B-F  Nijverheid en energie
G+I  Handel en horeca
H+J  Vervoer, informatie en communicatie
K-L  Financiële diensten, onroerend goed
M-N  Zakelijke dienstverlening 
O-Q Overheid, onderwijs en zorg
R-U  Cultuur, recreatie, overige diensten

Het aantal vestigingen is afgerond op een veelvoud van vijf. In geval van afrondingen kan het voorkomen, dat de totalen niet precies overeenstemmen met de som der opgetelde getallen. 
In geval de wijk of buurt van het bedrijf onbekend is, wordt dit bedrijf alleen op gemeentelijk niveau meegeteld. De onderverdeling naar sectoren is alleen vermeld bij 20 of meer bedrijven per buurt.
",,,,,,
Cbs.OData.Topic,125,95.0,124.0,Topic,BedrijfsvestigingenTotaal_95,Bedrijfsvestigingen totaal,,,Long,aantal,0.0,Impossible,Absolute
Cbs.OData.TopicGroup,126,,124.0,TopicGroup,,Bedrijfsvestigingen naar activiteit,,,,,,,
Cbs.OData.Topic,127,96.0,126.0,Topic,ALandbouwBosbouwEnVisserij_96,"A Landbouw, bosbouw en visserij",,,Long,aantal,0.0,Impossible,Absolute
Cbs.OData.Topic,128,97.0,126.0,Topic,BFNijverheidEnEnergie_97,B-F Nijverheid en energie,,,Long,aantal,0.0,Impossible,Absolute
Cbs.OData.Topic,129,98.0,126.0,Topic,GIHandelEnHoreca_98,G+I Handel en horeca,,,Long,aantal,0.0,Impossible,Absolute
Cbs.OData.Topic,130,99.0,126.0,Topic,HJVervoerInformatieEnCommunicatie_99,"H+J Vervoer, informatie en communicatie",,,Long,aantal,0.0,Impossible,Absolute
Cbs.OData.Topic,131,100.0,126.0,Topic,KLFinancieleDienstenOnroerendGoed_100,"K-L Financiële diensten, onroerend goed",,,Long,aantal,0.0,Impossible,Absolute
Cbs.OData.Topic,132,101.0,126.0,Topic,MNZakelijkeDienstverlening_101,M-N Zakelijke dienstverlening,,,Long,aantal,0.0,Impossible,Absolute
Cbs.OData.Topic,133,102.0,126.0,Topic,OQOverheidOnderwijsEnZorg_102,"O-Q Overheid, onderwijs en zorg",,,Long,aantal,0.0,Impossible,Absolute
Cbs.OData.Topic,134,103.0,126.0,Topic,RUCultuurRecreatieOverigeDiensten_103,"R-U Cultuur, recreatie, overige diensten",,,Long,aantal,0.0,Impossible,Absolute
Cbs.OData.TopicGroup,135,,,TopicGroup,,Motorvoertuigen,"De motorvoertuigen betreffen personenauto's, bedrijfsauto’s en motortweewielers op 1 januari. Tot en met 2018 werden ook enkele niet-verzekerde voertuigen meegenomen. Vanaf 2019 zijn de cijfers berekend op basis van een nieuwe verbeterde selectiemethode, waarbij alleen voertuigen zijn meegenomen die op basis van verzekering deel mochten nemen aan het verkeer.
Aanhangwagens en opleggers zijn niet meegerekend.
De gegevens zijn ontleend aan de Statistiek van de Motorvoertuigen. Deze gegevens zijn gebaseerd op de kentekenregistratie van de Rijksdienst voor het Wegverkeer (RDW). Met behulp van deze registratie zijn tellingen gemaakt van alle voertuigen met actuele, houderschapsplichtige kentekens die op 1 januari in het kentekenbestand voorkomen.
Het aantal geregistreerde motorvoertuigen is inclusief voertuigen van lease- en verhuurbedrijven. Deze motorvoertuigen staan geregistreerd op het adres van het lease- of verhuurbedrijf. De motorvoertuigen die staan ingeschreven op postbusadressen zijn niet meegeteld bij de aantallen van de wijken en buurten, maar wel in de gemeentelijke totalen. De wijken en buurten tellen daarom niet altijd op tot gemeenten. De gemeentelijke totalen komen overeen met de Regionale Kerncijfers Nederland.
",,,,,,
Cbs.OData.TopicGroup,136,,135.0,TopicGroup,,Personenauto's,,,,,,,
Cbs.OData.Topic,137,104.0,136.0,Topic,PersonenautoSTotaal_104,Personenauto's totaal,"Personenauto
Motorvoertuig voor personenvervoer over de weg, exclusief brom- en motorfietsen, met maximaal negen zitplaatsen (met inbegrip van de bestuurdersplaats).

Hieronder vallen personenauto's, bestelwagens ontworpen voor en voornamelijk gebruikt voor het vervoer van reizigers, taxi's, huurauto's, ziekenwagens en campers. Lichte wegvoertuigen voor goederenvervoer over de weg, touringcars, autobussen en minibussen vallen hier niet onder.
Het begrip personenauto omvat ook taxi's en huurauto's met minder dan tien zitplaatsen. Vanaf 1 mei 2009 worden campers gekentekend als personenauto of als bus afhankelijk van het aantal zitplaatsen. Vóór die datum zijn campers geregistreerd als speciale voertuigen.

",,Long,aantal,0.0,Impossible,Absolute
Cbs.OData.TopicGroup,138,,136.0,TopicGroup,,Personenauto's; brandstoftype,,,,,,,
Cbs.OData.Topic,139,105.0,138.0,Topic,PersonenautoSBrandstofBenzine_105,Personenauto's; brandstof benzine,Het aantal personenauto's rijdend op benzine.,,Long,aantal,0.0,Missing,Absolute
Cbs.OData.Topic,140,106.0,138.0,Topic,PersonenautoSOverigeBrandstof_106,Personenauto's; overige brandstof,"Het aantal personenauto's met overige brandstof. Hieronder vallen: diesel, LPG, elektriciteit (incl. Hybride), waterstof, alcohol, LNG en CNG.",,Long,aantal,0.0,Missing,Absolute
Cbs.OData.Topic,141,107.0,136.0,Topic,PersonenautoSPerHuishouden_107,Personenauto's per huishouden,"Het aantal personenauto's per (particulier) huishouden op 1 januari. De personenauto's worden regionaal ingedeeld met behulp van de kentekenregistratie. Personenauto's die geregistreerd staan op het adres van het lease- of verhuurbedrijf vertekenen daarom de autodichtheid per huishouden. Zie de tabeltoelichting voor een verwijzing naar een andere StatLinetabel met cijfers waarin de voertuigen op naam van rechtspersonen (bedrijven) buiten beschouwing zijn gelaten, om deze vertekening van de cijfers door grote verhuur- en leasebedrijven te voorkomen. Het aantal personenauto's per huishouden is vermeld bij minimaal 50 huishoudens en bij een waarde van maximaal 2,5 personenauto’s per huishouden.",,Double,per huishouden,1.0,Impossible,Absolute
Cbs.OData.Topic,142,108.0,136.0,Topic,PersonenautoSNaarOppervlakte_108,Personenauto's naar oppervlakte,"Het aantal personenauto's per km² land op 1 januari. De personenauto's worden regionaal ingedeeld met behulp van de kentekenregistratie. Personenauto's die geregistreerd staan op het adres van het lease- of verhuurbedrijf vertekenen daarom de autodichtheid per oppervlakte. Zie de tabeltoelichting voor een verwijzing naar een andere StatLinetabel met cijfers waarin de voertuigen op naam van rechtspersonen (bedrijven) buiten beschouwing zijn gelaten, om deze vertekening van de cijfers door grote verhuur- en leasebedrijven te voorkomen. Het aantal personenauto's naar oppervlakte is vermeld als ook het aantal personenauto's per huishouden is gepubliceerd. Dat is bij minimaal 50 huishoudens en bij een waarde van maximaal 2,5 personenauto’s per huishouden.",,Long,per km²,0.0,Impossible,Relative
Cbs.OData.Topic,143,109.0,135.0,Topic,Motorfietsen_109,Motorfietsen,"Motorfiets
Voertuig voor het wegverkeer op twee, drie of vier wielen met een onbeladen gewicht van maximaal 400 kg. Dergelijke motorvoertuigen met een cilinderinhoud van meer dan 50 cm³ vallen hieronder, alsook motorvoertuigen met een cilinderinhoud van minder dan 50 cm³ die niet aan de definitie van bromfiets beantwoorden.

",,Long,aantal,0.0,Impossible,Absolute
Cbs.OData.TopicGroup,144,,,TopicGroup,,Nabijheid voorzieningen,"Locatie die bezocht kan worden door personen. De locatie sluit aan bij het gebruik in het dagelijks leven.

De afstand tot een voorziening is berekend over verharde, door auto's te gebruiken wegen, dus niet over fiets- en voetpaden. Overtochten via veerboten zijn hierbij inbegrepen. Er wordt geen rekening gehouden met éénrichtingsverkeer en overige inrijverboden van toegangswegen tot rijks- of provinciale wegen.

",,,,,,
Cbs.OData.Topic,145,110.0,144.0,Topic,AfstandTotHuisartsenpraktijk_110,Afstand tot huisartsenpraktijk,"De gemiddelde afstand van alle inwoners in een gebied tot de dichtstbijzijnde huisartsenpraktijk, berekend over de weg. 

Met ingang van verslagjaar 2020 krijgt het CBS de populatie huisartsenpraktijken in een andere vorm dan voorheen aangeleverd: de nevenadressen van huisartsenpraktijken maken geen deel meer uit van de populatie. Door deze wijziging in de bronbestanden zijn de uitkomsten vanaf verslagjaar 2020 niet meer vergelijkbaar met die van de voorgaande jaren. Uit een analyse voor verslagjaar 2019 naar het effect van het weglaten van de nevenadressen blijkt dat de afstand tot de dichtstbijzijnde huisartsenpraktijk op landelijk niveau met 0,1 km toeneemt. Op buurtniveau kan de afstand in bepaalde regio’s tot 7 km langer worden.

Huisartsenpraktijk: Pand of ruimte waarin een of meer huisartsen (samen) werken.

Huisarts:
De huisarts is verantwoordelijk voor de algemene medische zorg. Hij/zij geeft persoonlijke en continue zorg aan een vaste praktijkpopulatie.
",,Double,km,1.0,Impossible,Absolute
Cbs.OData.Topic,146,111.0,144.0,Topic,AfstandTotGroteSupermarkt_111,Afstand tot grote supermarkt,"De gemiddelde afstand van alle inwoners in een gebied tot de dichtstbijzijnde grote supermarkt, berekend over de weg.

Grote supermarkt:
Winkel met meerdere soorten dagelijkse artikelen en een minimale oppervlakte van 150 m2.
",,Double,km,1.0,Impossible,Absolute
Cbs.OData.Topic,147,112.0,144.0,Topic,AfstandTotKinderdagverblijf_112,Afstand tot kinderdagverblijf,"De gemiddelde afstand van alle inwoners in een gebied tot het dichtstbijzijnde kinderdagverblijf, berekend over de weg. 

Kinderdagverblijf:
Plaats waar kinderen van 0 tot 4 jaar gedurende één of meer dagdelen per week het hele jaar door worden opgevangen. Er kan voor meer dan 5 uur per dag van het kinderdagverblijf gebruik gemaakt worden en voor maximaal 10 dagdelen per week.
",,Double,km,1.0,Impossible,Absolute
Cbs.OData.TopicGroup,148,,144.0,TopicGroup,,Basisonderwijs,"Het basisonderwijs omvat alleen de basisscholen zoals bekend bij de Dienst Uitvoering Onderwijs (DUO). Het speciaal basisonderwijs en de speciale scholen zijn niet meegenomen.
	
Voor de cijfers over onderwijs is met ingang van verslagjaar 2018 een nieuwe methode gebruikt: in de huidige methodiek wordt voor de scholen in het reguliere basisonderwijs gebruik gemaakt van bestanden van de Dienst Uitvoering Onderwijs (DUO). Hierdoor kunnen de cijfers vanaf 2018 licht afwijken van de voorgaande jaren.

De cijfers gelden voor januari van het betreffende schooljaar.
",,,,,,
Cbs.OData.Topic,149,113.0,148.0,Topic,AfstandTotSchool_113,Afstand tot school,"De gemiddelde afstand van alle inwoners in een gebied tot de dichtstbijzijnde school, berekend over de weg. 
",,Double,km,1.0,Impossible,Absolute
Cbs.OData.Topic,150,114.0,148.0,Topic,ScholenBinnen3Km_114,Scholen binnen 3 km,"Het gemiddeld aantal scholen binnen 3 kilometer over de weg voor alle inwoners van een gebied.
",,Double,aantal,1.0,Impossible,Absolute
Cbs.OData.TopicGroup,151,,,TopicGroup,,Oppervlakte,"Voor de bepaling van oppervlaktecijfers is gebruik gemaakt van het digitale wijk- en buurtgrenzenbestand van het CBS. 

Met totale oppervlakte per gemeente wordt de oppervlakte inclusief het gemeentelijk ingedeeld buitenwater bedoeld. Bij oppervlaktecijfers over wijken en buurten is de oppervlakte land en water opgenomen exclusief buitenwater. Door dit laatste kan de optelling van de wijken of buurten verschillen met de gepubliceerde totalen per gemeente. Deze verschillen doen zich vooral voor bij kustgemeenten.
",,,,,,
Cbs.OData.Topic,152,115.0,151.0,Topic,OppervlakteTotaal_115,Oppervlakte totaal,De totale oppervlakte is de som van de oppervlakten water en land in hele hectaren (ha.).,,Long,ha,0.0,Impossible,Absolute
Cbs.OData.Topic,153,116.0,151.0,Topic,OppervlakteLand_116,Oppervlakte land,"De oppervlakte land is bepaald door het meest recente digitale bestand Bodemgebruik te combineren met het digitale bestand van gemeente-, wijk- en buurtgrenzen. 
De arealen land en water voor het jaar 2022, 2023, 2024 en 2025 zijn gebaseerd op het Bestand Bodemgebruik 2017 (BBG2017). 
De arealen land en water voor de jaren 2020 en 2021 zijn gebaseerd op het Bestand Bodemgebruik 2015 (BBG2015). Zowel in BBG2017 als in BBG2015 is daarbij rekening gehouden met de wijzigingen in de landsgrens tussen Nederland en België bij Maastricht en Eijsden per 1-1-2018.

De oppervlakte land wordt uitgedrukt in hele hectaren (ha.).

",,Long,ha,0.0,Impossible,Absolute
Cbs.OData.Topic,154,117.0,151.0,Topic,OppervlakteWater_117,Oppervlakte water,"Oppervlakte water omvat zowel binnen- als buitenwater. Tot binnenwater wordt gerekend alle water niet onderhevig aan getijden, breder dan 6 meter en groter dan 1 hectare. Voorbeelden zijn het IJsselmeer, Markermeer, Randmeren, sloten, rivieren en kanalen. Onder het buitenwater valt alle water onderhevig aan getijden, zoals de Waddenzee, Oosterschelde, Westerschelde en het gemeentelijk ingedeelde gedeelte van de Noordzee.
De oppervlakte water is bepaald door het meest recente digitale bestand Bodemgebruik te combineren met het digitale bestand van gemeente-, wijk- en buurtgrenzen.
De arealen land en water voor het jaar 2022, 2023, 2024 en 2025 zijn gebaseerd op het Bestand Bodemgebruik 2017 (BBG2017). 
De arealen land en water voor de jaren 2020 en 2021 zijn gebaseerd op het Bestand Bodemgebruik 2015 (BBG2015). Zowel in BBG2017 als in BBG2015 is daarbij rekening gehouden met de wijzigingen in de landsgrens tussen Nederland en België bij Maastricht en Eijsden per 1-1-2018. 
 
Het buitenwater is alleen op gemeenteniveau vermeld, water per wijk of buurt bestaat alleen uit binnenwater. De oppervlakte water wordt uitgedrukt in hele hectaren (ha.).

",,Long,ha,0.0,Impossible,Absolute
Cbs.OData.TopicGroup,155,,,TopicGroup,,Postcode,,,,,,,
Cbs.OData.Topic,156,118.0,155.0,Topic,MeestVoorkomendePostcode_118,Meest voorkomende postcode,"Meest voorkomende numerieke postcode in een buurt, op grond van het aantal adressen in het Geografisch Basisregister (GBR, definitieve versie) per 1 januari.",,String,code,0.0,Impossible,
Cbs.OData.Topic,157,119.0,155.0,Topic,Dekkingspercentage_119,Dekkingspercentage,"Indicatie (in zes klassen) van het percentage adressen in een buurt met de meest voorkomende postcode. Dit percentage is ontleend aan het Geografisch Basisregister (GBR, definitieve versie).
De volgende klassenindeling is gehanteerd:
1: > 90% van de adressen heeft dezelfde vermelde numerieke postcode;
2: 81-90% van de adressen heeft dezelfde vermelde numerieke postcode;
3: 71-80% van de adressen heeft dezelfde vermelde numerieke postcode;
4: 61-70% van de adressen heeft dezelfde vermelde numerieke postcode;
5: 51-60% van de adressen heeft dezelfde vermelde numerieke postcode;
6: 50% of minder van de adressen heeft dezelfde vermelde numerieke postcode.
",,Long,code,0.0,Impossible,Absolute
Cbs.OData.TopicGroup,158,,,TopicGroup,,Stedelijkheid,,,,,,,
Cbs.OData.Topic,159,120.0,158.0,Topic,MateVanStedelijkheid_120,Mate van stedelijkheid,"Op grond van de omgevingsadressendichtheid is aan iedere buurt, wijk of gemeente een stedelijkheidsklasse toegekend. De volgende klassenindeling is gehanteerd:
1: zeer sterk stedelijk >= 2 500 adressen per km²
2: sterk stedelijk 1 500 -  2 500 adressen per km²
3: matig stedelijk 1 000 - 1 500 adressen per km²
4: weinig stedelijk 500 - 1 000 adressen per km²
5: niet stedelijk < 500 adressen per km²
",,Long,code,0.0,Impossible,Absolute
Cbs.OData.Topic,160,121.0,158.0,Topic,Omgevingsadressendichtheid_121,Omgevingsadressendichtheid,"De omgevingsadressendichtheid (OAD) van een buurt, wijk of gemeente is het gemiddeld aantal adressen per vierkante kilometer binnen een cirkel met een straal van één kilometer op 1 januari.
De OAD beoogt de mate van concentratie van menselijke activiteiten (wonen, werken, schoolgaan, winkelen, uitgaan etc.) weer te geven. Het CBS gebruikt de OAD om de stedelijkheid van een bepaald gebied te bepalen.
Voor de berekening hiervan wordt eerst voor ieder adres de OAD vastgesteld. Daarna is het gemiddelde berekend van de omgevingsadressendichtheden van alle afzonderlijke adressen binnen het beschouwde gebied. De adressen zijn afkomstig uit het Geografisch Basisregister van het betreffende jaar (definitieve versie). Dit register bevat alle adressen van Nederland die zijn voorzien van een postcode, gemeentecode en wijk- en buurtcode.
",,Long,per km²,0.0,Impossible,Relative
