Indicator;Categorie;Attribuutnaam;Beschikbare AHNversies (naam achtervoegsel);Bebouwde kom beschikbaar (naam achtervoegsel);Omschrijving kort;Eenheid;Bron;Omschrijving lang
nvt;nvt;buurtcode2024;;;Buurtcode op basis van CBS wijk en buurtkaart 2024;BUXXXXXXXX;CBS (2024);Buurtcode van de geselecteerde buurt volgens de CBS wijk en buurtkaart 2024
nvt;nvt;BU_NAAM;;;Buurtnaam;Tekst;CBS (2024);Buurtnaam van de geselecteerde buurt
nvt;nvt;buurtcode2020;;;Buurtcode op basis van CBS wijk en buurtkaart 2020;BUXXXXXXXX;CBS (2024);Buurtcode van de geselecteerde buurt volgens de CBS wijk en buurtkaart 2020
nvt;nvt;buurtcode2021;;;Buurtcode op basis van CBS wijk en buurtkaart 2021;BUXXXXXXXX;CBS (2024);Buurtcode van de geselecteerde buurt volgens de CBS wijk en buurtkaart 2021
nvt;nvt;buurtcode2022;;;Buurtcode op basis van CBS wijk en buurtkaart 2022;BUXXXXXXXX;CBS (2024);Buurtcode van de geselecteerde buurt volgens de CBS wijk en buurtkaart 2022
nvt;nvt;buurtcode2023;;;Buurtcode op basis van CBS wijk en buurtkaart 2023;BUXXXXXXXX;CBS (2024);Buurtcode van de geselecteerde buurt volgens de CBS wijk en buurtkaart 2023
nvt;nvt;GM_CODE;;;Gemeentecode;GMXXXX;CBS (2022);Gemeentecode van de gemeente waar de geselecteerde buurt onder valt
nvt;nvt;GM_NAAM;;;Gemeentenaam;Tekst;CBS (2022);Gemeentenaam van de gemeente waar de geselecteerde buurt onder valt
Bevolkingsdichtheid;Gebiedskenmerken;BEV_DICHTH;;;Bevolkingsdichtheid;Aantal per km2;CBS (2023);Deze statistieken laten het aantal inwoners per km2 zien op basis van de CBS Wijk en Buurtkaart 2022. In buurten met een hoge bevolkingsdichtheid worden veel mensen blootgesteld aan klimaateffecten. Tegelijk is de druk op de buitenruimte daar vaak hoog waardoor er minder ruimte is voor adaptiemaatregelen.
nvt;nvt;AANT_INW;;;Aantal inwoners;Aantal;CBS (2023);Deze statistieken laten het aantal inwoners per km2 zien op basis van de CBS Wijk en Buurtkaart 2022. In buurten met een hoge bevolkingsdichtheid worden veel mensen blootgesteld aan klimaateffecten. Tegelijk is de druk op de buitenruimte daar vaak hoog waardoor er minder ruimte is voor adaptiemaatregelen.
nvt;nvt;def_wijkty;;;Wijktype;Tekst;Hogeschool van Amsterdam (2023);Beschrijving van het wijktype dat het meest voorkomt binnen de geselecteerde buurt
Gemiddelde WOZ-waarde;Gebiedskenmerken;G_WOZ;;;Gemiddelde WOZ-waarde;Euro's;CBS (2023);Deze statistieken laten de gemiddelde WOZ-waarde per buurt zien op basis van de Wijk- en Buurtkaart 2022 van het CBS. De WOZ-waarde geeft een indicatie van de sociaaleconomische status van een buurt. In buurten met een hoge WOZ-waarde kunnen inwoners meestal makkelijker zelf adaptatiemaatregelen nemen. 
Percentage huurwoningen;Kwetsbaarheid;HuurwTperc;;;Percentage huurwoningen;Percentage;CBS (2023);Deze statistieken tonen hoeveel procent van de woningen bestaat uit huurwoningen. Voor bewoners van huurwoningen is het lastiger om grote aanpassingen te doen aan hun woning. Ze kunnen bijvoorbeeld niet zomaar zonneschermen plaatsen. De statistieken komen van de CBS Wijk- en Buurtkaart 2022.
Moeite met rondkomen;Kwetsbaarheid;F18MoeiteMe;;;Percentage moeite met rondkomen;Percentage;RIVM (2020);Deze statistieken tonen het percentage mensen boven de 18 jaar dat in 2020 moeite had met rondkomen. Deze groep heeft minder financi‘le ruimte om maatregelen te nemen tegen hitte. Ga voor meer informatie over deze statistieken naar de Buurtatlas van het RIVM.
Ernstige eenzaamheid;Kwetsbaarheid;F18ErnstigZ;;;Percentage ernstige eenzaamheid;Percentage;RIVM (2020);Deze statistieken tonen het percentage ernstig eenzame mensen boven de 18 jaar. Deze mensen zijn extra kwetsbaar voor hitte omdat ze weinig sociale contacten hebben. Dit vergroot het risico op uitdroging en oververhitting bij een hittegolf. Ga voor meer informatie over deze statistieken naar de Buurtatlas van het RIVM. 
Ernstig overgewicht;Kwetsbaarheid;F1865ErnsOv;;;Percentage ernstig overgewicht;Percentage;RIVM (2020);Deze statistieken tonen het percentage mensen boven de 18 jaar met ernstig overgewicht.  Deze mensen is extra kwetsbaar voor hitte. Dit vergroot het risico op uitdroging en oververhitting bij een hittegolf. Ga voor meer informatie over deze statistieken naar de Buurtatlas van het RIVM. 
Hitte en broze 65-plussers;Kwetsbaarheid;BrozeGezon;;;Percentage broze gezondheid;Percentage;CBS (2022);Deze statistieken laten het percentage 65-plussers zien met een broze gezondheid. Deze groep is extra kwetsbaar voor hitte. Het begrip broosheid omvat fysieke gezondheid, mentale gezondheid en sociale gezondheid. Wil je meer weten over de relatie tussen 65-plussers met een broze gezondheid en hitte? Ga dan naar het kaartverhaal.  
Risico paalrot Huidig;Effecten;Paal_Huidig;;;Risico paalrot Huidig;Percentage;Klimaateffectatlas: Deltares (2021);Deze statistieken laten de risicoÕs op paalrot zien in het huidige klimaat. Het risico wordt berekend door het percentage panden met houten palen op een locatie te combineren met de gevoeligheid van die locatie voor paalrot. Wil je meer weten over de achtergrond van deze statistieken? Ga dan naar het kaartverhaal.
Risico paalrot 2050 Hoog;Effecten;Paalrot_2050_Hoog;;;Risico paalrot 2050 Hoog;Percentage;Klimaateffectatlas: Deltares (2021);Deze statistieken laten zien wat in 2050 de risicoÕs op paalrot zijn als het klimaat sterk verandert. Door veranderingen in grondwaterstanden kan het risico op paalrot veranderen. Het risico wordt berekend door het percentage panden met houten palen op een locatie te combineren met de gevoeligheid van die locatie voor paalrot. Wil je meer weten over de achtergrond van deze statistieken? Ga dan naar het kaartverhaal.
Verschilzetting 2050 Hoog;Effecten;Verschilzetting_2050_Hoog;;;Risico verschilzetting 2050 Hoog;Percentage;Klimaateffectatlas: Deltares (2021);Deze statistieken laten de risicoÕs zien voor verschilzetting in 2050 bij sterke klimaatverandering. Het risico wordt berekend door het percentage panden op staal op een locatie te combineren met de gevoeligheid van die locatie voor verschilzetting. Wil je meer weten over de achtergrond van deze statistieken? Ga dan naar het kaartverhaal.
Gevoelstemperatuur - AHN4;Effecten;PET29tm34p;AHN2,AHN4;;Percentage gevoelstemperatuur tussen 29 en 34 graden;Percentage;Klimaateffectatlas: Nelen&Schuurmans (2024);Deze percentages laten zien hoe hoog de gevoelstemperatuur in de buitenruimte wordt op een hete, vrijwel windstille zomerdag. Vooral buurten met weinig schaduw en veel verharding warmen sterk op. Wil je weten waarop deze percentages zijn gebaseerd? Ga dan naar het kaartverhaal.
Gevoelstemperatuur - AHN4;Effecten;PET35tm40p;;;Percentage gevoelstemperatuur tussen 35 en 40 graden;Percentage;Klimaateffectatlas: Nelen&Schuurmans (2024);Deze percentages laten zien hoe hoog de gevoelstemperatuur in de buitenruimte wordt op een hete, vrijwel windstille zomerdag. Vooral buurten met weinig schaduw en veel verharding warmen sterk op. Wil je weten waarop deze percentages zijn gebaseerd? Ga dan naar het kaartverhaal.
Gevoelstemperatuur - AHN4;Effecten;PET41tm45p;;;Percentage gevoelstemperatuur tussen 41 en 45 graden;Percentage;Klimaateffectatlas: Nelen&Schuurmans (2024);Deze percentages laten zien hoe hoog de gevoelstemperatuur in de buitenruimte wordt op een hete, vrijwel windstille zomerdag. Vooral buurten met weinig schaduw en veel verharding warmen sterk op. Wil je weten waarop deze percentages zijn gebaseerd? Ga dan naar het kaartverhaal.
Gevoelstemperatuur - AHN4;Effecten;PET46tm50p;;;Percentage gevoelstemperatuur tussen 46 en 50 graden;Percentage;Klimaateffectatlas: Nelen&Schuurmans (2024);Deze percentages laten zien hoe hoog de gevoelstemperatuur in de buitenruimte wordt op een hete, vrijwel windstille zomerdag. Vooral buurten met weinig schaduw en veel verharding warmen sterk op. Wil je weten waarop deze percentages zijn gebaseerd? Ga dan naar het kaartverhaal.
Gevoelstemperatuur - AHN4;Effecten;PET51plusp;;;Percentage gevoelstemperatuur 51 graden;Percentage;Klimaateffectatlas: Nelen&Schuurmans (2024);Deze percentages laten zien hoe hoog de gevoelstemperatuur in de buitenruimte wordt op een hete, vrijwel windstille zomerdag. Vooral buurten met weinig schaduw en veel verharding warmen sterk op. Wil je weten waarop deze percentages zijn gebaseerd? Ga dan naar het kaartverhaal.
Gevoelstemperatuur - AHN4;Effecten;PET_NDp;;;Percentage gevoelstemperatuur NoData;Percentage;Klimaateffectatlas: Nelen&Schuurmans (2024);Deze percentages laten zien hoe hoog de gevoelstemperatuur in de buitenruimte wordt op een hete, vrijwel windstille zomerdag. Vooral buurten met weinig schaduw en veel verharding warmen sterk op. Wil je weten waarop deze percentages zijn gebaseerd? Ga dan naar het kaartverhaal.
Waterdiepte bij hevige bui;Effecten;perc5_10cm;;;Percentage waterdiepte tussen 5 tot 10 cm;Percentage;Klimaateffectatlas: Deltares / ROR (2018);Deze statistieken laten zien welke waterdiepte ontstaat bij een hevige zomerbui. De grafieken tonen het percentage van een gebied per waterdiepteklasse. Gebouwen, oppervlaktewater en gebieden met minder dan 5 cm worden niet getoond met gekleurde balkjes. De statistieken gaan uit van een gelijke rioolbergings- en afvoercapaciteit en van de hoogtekaart van 2012. Dat betekent dat deze informatie niet bruikbaar is voor gebieden die na 2012 zijn ontwikkeld of aangepast. Wil je meer weten over de achtergrond van deze statistieken? Ga dan naar het kaartverhaal.
Waterdiepte bij hevige bui;Effecten;perc10_15cm;;;Percentage waterdiepte tussen 10 tot 15 cm;Percentage;Klimaateffectatlas: Deltares / ROR (2018);Deze statistieken laten zien welke waterdiepte ontstaat bij een hevige zomerbui. De grafieken tonen het percentage van een gebied per waterdiepteklasse. Gebouwen, oppervlaktewater en gebieden met minder dan 5 cm worden niet getoond met gekleurde balkjes. De statistieken gaan uit van een gelijke rioolbergings- en afvoercapaciteit en van de hoogtekaart van 2012. Dat betekent dat deze informatie niet bruikbaar is voor gebieden die na 2012 zijn ontwikkeld of aangepast. Wil je meer weten over de achtergrond van deze statistieken? Ga dan naar het kaartverhaal.
Waterdiepte bij hevige bui;Effecten;perc15_20cm;;;Percentage waterdiepte tussen 15 tot 20 cm;Percentage;Klimaateffectatlas: Deltares / ROR (2018);Deze statistieken laten zien welke waterdiepte ontstaat bij een hevige zomerbui. De grafieken tonen het percentage van een gebied per waterdiepteklasse. Gebouwen, oppervlaktewater en gebieden met minder dan 5 cm worden niet getoond met gekleurde balkjes. De statistieken gaan uit van een gelijke rioolbergings- en afvoercapaciteit en van de hoogtekaart van 2012. Dat betekent dat deze informatie niet bruikbaar is voor gebieden die na 2012 zijn ontwikkeld of aangepast. Wil je meer weten over de achtergrond van deze statistieken? Ga dan naar het kaartverhaal.
Waterdiepte bij hevige bui;Effecten;perc20_30cm;;;Percentage waterdiepte tussen 20 tot 30 cm;Percentage;Klimaateffectatlas: Deltares / ROR (2018);Deze statistieken laten zien welke waterdiepte ontstaat bij een hevige zomerbui. De grafieken tonen het percentage van een gebied per waterdiepteklasse. Gebouwen, oppervlaktewater en gebieden met minder dan 5 cm worden niet getoond met gekleurde balkjes. De statistieken gaan uit van een gelijke rioolbergings- en afvoercapaciteit en van de hoogtekaart van 2012. Dat betekent dat deze informatie niet bruikbaar is voor gebieden die na 2012 zijn ontwikkeld of aangepast. Wil je meer weten over de achtergrond van deze statistieken? Ga dan naar het kaartverhaal.
Waterdiepte bij hevige bui;Effecten;perc30cmME;;;Percentage waterdiepte meer dan 30 cm;Percentage;Klimaateffectatlas: Deltares / ROR (2018);Deze statistieken laten zien welke waterdiepte ontstaat bij een hevige zomerbui. De grafieken tonen het percentage van een gebied per waterdiepteklasse. Gebouwen, oppervlaktewater en gebieden met minder dan 5 cm worden niet getoond met gekleurde balkjes. De statistieken gaan uit van een gelijke rioolbergings- en afvoercapaciteit en van de hoogtekaart van 2012. Dat betekent dat deze informatie niet bruikbaar is voor gebieden die na 2012 zijn ontwikkeld of aangepast. Wil je meer weten over de achtergrond van deze statistieken? Ga dan naar het kaartverhaal.
Waterdiepte bij hevige bui;Effecten;percNODATA;;;Percentage waterdiepte NoData;Percentage;Klimaateffectatlas: Deltares / ROR (2018);Deze statistieken laten zien welke waterdiepte ontstaat bij een hevige zomerbui. De grafieken tonen het percentage van een gebied per waterdiepteklasse. Gebouwen, oppervlaktewater en gebieden met minder dan 5 cm worden niet getoond met gekleurde balkjes. De statistieken gaan uit van een gelijke rioolbergings- en afvoercapaciteit en van de hoogtekaart van 2012. Dat betekent dat deze informatie niet bruikbaar is voor gebieden die na 2012 zijn ontwikkeld of aangepast. Wil je meer weten over de achtergrond van deze statistieken? Ga dan naar het kaartverhaal.
Sociaal minimum huishoudens;Effecten;P_H_SOCMIN;;;Percentage sociaal minimum huishoudens;Percentage;CBS (2020);Deze statistieken laten het percentage huishoudens zien dat leeft rond of onder het sociaal minimum. Deze groep is extra kwetsbaar voor hitte. Wil je meer weten over de relatie tussen sociale kwetsbaarheid en hitte? Ga dan naar het kaartverhaal.  
Grondwaterstand Huidig;Effecten;GLGHuidigMean;;;Gemiddelde Laagste Grondwaterstand (GLG) huidig;Meters;Klimaateffectatlas: NWM (2019);Deze statistieken laten de Gemiddelde Laagste Grondwaterstand (GLG) zien voor het huidige klimaat. De getallen tonen het aantal meters onder het maaiveld. De GLG is gemodelleerd met het Nationaal Water Model. De kaarten geven een grof beeld en zijn dus alleen bedoeld ter indicatie.
Grondwaterstand 2050 Hoog;Effecten;GLG2050HoogMean;;;Gemiddelde Laagste Grondwaterstand (GLG) 2050 Hoog;Meters;Klimaateffectatlas: NWM (2019);Deze statistieken laten hoe de Gemiddelde Laagste Grondwaterstand (GLG) tussen nu en 2050 verandert bij sterke klimaatverandering. De getallen tonen het aantal meters onder het maaiveld. De GLG is gemodelleerd met het Nationaal Water Model. De kaarten geven een grof beeld en zijn dus alleen bedoeld ter indicatie.
Hoge grondwaterstand;Effecten;GHGMean;;;Gemiddelde hoogste grondwaterstand (meter onder maaiveld);Meters;Klimaateffectatlas NWM (2019);Deze statistieken laten de gemiddelde hoogste grondwaterstand (GHG) zien bij het huidige klimaat. Dit is maatgevend voor een natte situatie.  De getallen tonen het aantal meters onder het maaiveld. De GHG is gemodelleerd met het Nationaal Water Model. De kaarten geven een grof beeld en zijn dus alleen bedoeld ter indicatie. Wil je meer weten over deze statistieken? Ga dan naar het kaartverhaal
Extreem hoge grondwaterstand;Effecten;HG3MaxHuidig;;;Grondwaterstand extreem nat jaar (meter onder maaiveld);Meters;Klimaateffectatlas NWM (2019);Deze statistieken laten de maximale grondwaterstand (zogenaamd HG3) zien bij het huidige klimaat. Dit is maximale grondwaterstand die over een periode van 100 jaar (1911-2011) gemodelleerd is.  De getallen tonen het aantal meters onder het maaiveld. De GLG is gemodelleerd met het Nationaal Water Model. De kaarten geven een grof beeld en zijn dus alleen bedoeld ter indicatie. Wil je meer weten over deze statistieken? Ga dan naar het kaartverhaal
Extreem lage grondwaterstand;;LG3MaxHuidig;;;Grondwaterstand extreem droog jaar (meter onder maaiveld);Meters;Klimaateffectatlas NWM (2019);Deze statistieken laten de laagste grondwaterstand (LG3) zien voor het huidige klimaat op basis van het extreem droge jaar 1976. De getallen tonen het gemiddelde aantal meters onder het maaiveld per buurt. De LG3 is gemodelleerd met het Nationaal Water Model. De kaarten geven een grof beeld en zijn dus alleen bedoeld ter indicatie. Wil je meer informatie over deze statistieken? Ga dan naar het kaartverhaal.
Gebouwen met een droge verdieping bij overstroming;Effecten;PDrogePlek;;;Gebouwen met een droge verdieping bij een overstroming;Percentage;LIWO (2024);Deze statistieken tonen hoeveel% van de gebouwen in de buurt een droge verdieping heeft bij een overstroming met een extreem kleine kans (1:100.000 jaar). Deze informatie kan interessant zijn bij het verkennen van maatregelen bij een diepe overstroming Wil je meer informatie over deze statistieken? Ga dan naar het kaartverhaal. 
Maximale overstromingsdiepte;Effecten;P_tot20cm;;;Maximale overstromingsdiepte tot 20cm met een extreem kleine kans;Percentage;LIWO (2024);Deze statistieken toont welke waterdiepten kunnen voorkomen bij een overstroming met een extreem kleine kans (1:100.000 jaar). Per diepteklasse verschillen de gevolgen. Ook de mogelijke maatregelen voor gevolgbeperking verschillen per diepteklasse. Wil je meer informatie over deze statistieken? Ga dan naar het kaartverhaal.
Maximale overstromingsdiepte;Effecten;P_20tot50cm;;;Maximale overstromingsdiepte 20 tot 50cm met een extreem kleine kans;Percentage;LIWO (2024);Deze statistieken toont welke waterdiepten kunnen voorkomen bij een overstroming met een extreem kleine kans (1:100.000 jaar). Per diepteklasse verschillen de gevolgen. Ook de mogelijke maatregelen voor gevolgbeperking verschillen per diepteklasse. Wil je meer informatie over deze statistieken? Ga dan naar het kaartverhaal.
Maximale overstromingsdiepte;Effecten;P_50tot200cm;;;Maximale overstromingsdiepte 50 tot 200cm met een extreem kleine kans;Percentage;LIWO (2024);Deze statistieken toont welke waterdiepten kunnen voorkomen bij een overstroming met een extreem kleine kans (1:100.000 jaar). Per diepteklasse verschillen de gevolgen. Ook de mogelijke maatregelen voor gevolgbeperking verschillen per diepteklasse. Wil je meer informatie over deze statistieken? Ga dan naar het kaartverhaal.
Maximale overstromingsdiepte;Effecten;P_200pluscm;;;Maximale overstromingsdiepte >200cm met een extreem kleine kans;Percentage;LIWO (2024);Deze statistieken toont welke waterdiepten kunnen voorkomen bij een overstroming met een extreem kleine kans (1:100.000 jaar). Per diepteklasse verschillen de gevolgen. Ook de mogelijke maatregelen voor gevolgbeperking verschillen per diepteklasse. Wil je meer informatie over deze statistieken? Ga dan naar het kaartverhaal.
Boomkroonoppervlakte;Gebiedskenmerken;BKBgraad_PercLand;AHN3,AHN4,AHN5;BK;Percentage Boomkroonoppervlakte;Percentage;Friedenau Society (2026);Deze statistieken laten zien wat het totale oppervlakte en percentage boomkroonoppervlakte is per buurt. Voor het bepalen van het boomkroonoppervlakte is gebruik gemaakt van het Actueel Hoogtebestand Nederland als broninformatie. Meer informatie over de gevolgde methode vind je in het kaartverhaal
Boomkroonoppervlakte openbaar;Gebiedskenmerken;BKBgraad_Openbaar_PercOpenbaar;AHN3,AHN4,AHN5;BK;Percentage Boomkroonoppervlakte openbaar;Percentage;Friedenau Society (2026);Deze statistieken laten zien wat het percentage boomkroonoppervlakte is binnen het openbare gebied.  Voor het bepalen van het boomkroonoppervlakte is gebruik gemaakt van het Actueel Hoogtebestand Nederland als broninformatie. Voor het bepalen van het openbare gebied is gebruik gemaakt van informatie uit basisregistraties. Meer informatie over de gevolgde methode vind je in het kaartverhaal
Boomkroonoppervlakte niet-openbaar ;Gebiedskenmerken;BKBgraad_NietOpenbaar_PercNO;AHN3,AHN4,AHN5;BK;Percentage Boomkroonoppervlakte niet-openbaar ;Percentage;Friedenau Society (2026);Deze statistieken laten zien wat het percentage boomkroonoppervlakte is binnen het niet-openbare gebied.  Voor het bepalen van het boomkroonoppervlakte is gebruik gemaakt van het Actueel Hoogtebestand Nederland als broninformatie. Voor het bepalen van het niet-openbare gebied is gebruik gemaakt van informatie uit basisregistraties. Meer informatie over de gevolgde methode vind je in het kaartverhaal
Boomkroonoppervlakte binnen 500 meter: aandeel >30% ;Gebiedskenmerken;percPanden_30Regel;AHN3,AHN4,AHN5;BK;Percentage panden met meer dan 30% boomkroonoppervlakte binnen 500 meter;Percentage;Friedenau Society (2026);Deze statistieken laten zien welk percentage van de panden meer dan 30% boomkroonoppervlakte heeft binnen 500 meter. Het percentage van 30 verwijst naar de 30 in de 3/30/300 regel. Voor het bepalen van het boomkroonoppervlakte is gebruik gemaakt van het Actueel Hoogtebestand Nederland als broninformatie. Meer informatie over de gevolgde methode vind je in het kaartverhaal
Boomkroonoppervlakte binnen 500 meter: aandeel tussen 10% en 30%;Gebiedskenmerken;percPanden_tusen10en30Regel;AHN3,AHN4,AHN5;BK;Percentage panden met tussen de 10 en 30% boomkroonoppervlakte binnen 500 meter;Percentage;Friedenau Society (2026);Deze statistieken laten zien welk percentage van de panden tussen de 10 en 30% boomkroonoppervlakte heeft binnen 500 meter. Voor het bepalen van het boomkroonoppervlakte is gebruik gemaakt van het Actueel Hoogtebestand Nederland als broninformatie. Meer informatie over de gevolgde methode vind je in het kaartverhaal
Boomkroonoppervlakte binnen 500 meter: gem percentage;Gebiedskenmerken;gemScore_BKB_perPand;AHN3,AHN4,AHN5;BK;Gemiddelde percentage boomkroonbedekking binnen 500 meter;Percentage;Friedenau Society (2026);Deze statistieken laten zien wat het gemiddelde percentage boomkroonoppervlakte binnen 500 meter is voor de panden in de buurt. Voor het bepalen van het boomkroonoppervlakte is gebruik gemaakt van het Actueel Hoogtebestand Nederland als broninformatie. Meer informatie over de gevolgde methode vind je in het kaartverhaal
Groen;Gebiedskenmerken;Groen_PercLand;;BK;Percentage Groen;Percentage;Friedenau Society (2025);Deze statistieken tonen het percentage groen op basis van de Basiskaart Groen en verharding. Uit de Totaalkaart worden de gebieden met boomkroonbedekking, struiken en onverhard - gras opgeteld en weergeven als percentage van het totale landoppervlakte. Agrarisch gebied is niet als groen meegenomen. De klasse onverhard is ook niet als groen meegenomen, hoewel deze wel groen kan zijn. Meer informatie over de gevolgde methode vind je in het kaartverhaal.
Groen openbaar;Gebiedskenmerken;Groen_Openbaar_PercOpenbaar;;BK;Percentage Groen openbaar;Percentage;Friedenau Society (2025);Deze statistieken tonen het percentage groen in het openbaar gebied op basis van de Basiskaart Groen en verharding. Uit de Totaalkaart worden de gebieden met boomkroonbedekking, struiken en onverhard - gras opgeteld. Agrarisch gebied is niet als groen meegenomen. De klasse onverhard is ook niet als groen meegenomen, hoewel deze wel groen kan zijn. Voor het bepalen van het openbare gebied is gebruik gemaakt van informatie uit basisregistraties. Meer informatie over de gevolgde methode vind je in het kaartverhaal via de knop meer info
Groen niet-openbaar;Gebiedskenmerken;Groen_NietOpenbaar_PercNO;;BK;Percentage Groen niet-openbaar;Percentage;Friedenau Society (2025);Deze statistieken tonen het percentage groen in niet-openbaar gebied op basis van de Basiskaart Groen en verharding. Uit de Totaalkaart worden de gebieden met boomkroonbedekking, struiken en onverhard - gras opgeteld. Agrarisch gebied is niet als groen meegenomen. De klasse onverhard is ook niet als groen meegenomen, hoewel deze wel groen kan zijn. Voor het bepalen van het niet-openbare gebied is gebruik gemaakt van informatie uit basisregistraties. Meer informatie over de gevolgde methode vind je in het kaartverhaal via de knop meer info
Verharding ;Gebiedskenmerken;Steen_PercLand;;BK;Percentage Verharding ;Percentage;Friedenau Society (2025);Deze statistieken tonen het percentage verharding op basis van de Basiskaart Groen en verharding. Uit de landbedekkingskaart is de klasse verhard gebruikt en weergegeven als percentage van het totale landoppervlakte. Er is enkel gekeken naar de buitenruimte: gebouwen zijn niet als verhard geclassificeerd. Meer informatie over de gevolgde methode vind je in het kaartverhaal via de knop meer info
Verharding openbaar;Gebiedskenmerken;Steen_Openbaar_PercOpenbaar;;BK;Percentage Verharding openbaar;Percentage;Friedenau Society (2025);Deze statistieken tonen het percentage verharding voor het openbare gebied op basis van de Basiskaart Groen en verharding. Uit de landbedekkingskaart is de klasse verhard gebruikt. Er is enkel gekeken naar de buitenruimte: gebouwen zijn niet als verhard geclassificeerd. Voor het bepalen van het openbare gebied is gebruik gemaakt van informatie uit basisregistraties. Meer informatie over de gevolgde methode vind je in het kaartverhaal via de knop meer info
Verharding niet-openbaar;Gebiedskenmerken;Steen_NietOpenbaar_PercNO;;BK;Percentage Verharding niet-openbaar;Percentage;Friedenau Society (2025);Deze statistieken tonen het percentage verharding voor het niet-openbare gebied op basis van de Basiskaart Groen en verharding. Uit de landbedekkingskaart is de klasse verhard gebruikt. Er is enkel gekeken naar de buitenruimte: gebouwen zijn niet als verhard geclassificeerd. Voor het bepalen van het niet-openbare gebied is gebruik gemaakt van informatie uit basisregistraties. Meer informatie over de gevolgde methode vind je in het kaartverhaal via de knop meer info
Water;Gebiedskenmerken;Water_VSK_PercTotaal;;BK;Percentage Water;Percentage;Friedenau Society (2025);De kaart toont het percentage water per buurt op basis van de Basiskaart Verharding en Groen. Uit de landbedekkingskaart is de klasse water gebruikt. Meer informatie over de gevolgde methode vind je in het kaartverhaal via de knop meer info
Landbedekking - Gebouwen;Gebiedskenmerken;Gebouwen_VSK_PercLand;;BK;Percentage Landbedekking - Gebouwen;Percentage;Friedenau Society (2025);De statistieken tonen de verdeling van de landbedekking op basis van de Basiskaart Groen en verharding. Uit de Totaalkaart worden de klassen onverhard, onverhard - gras, onverhard - struiken, halfverhard, verhard en gebouwen getoond als percentage van het totale landoppervlakte. Meer informatie over de gevolgde methode vind je in het kaartverhaal.
Landbedekking - Verhard;Gebiedskenmerken;Verhard_PercLand;;BK;Percentage Landbedekking - Verhard;Percentage;Friedenau Society (2025);De statistieken tonen de verdeling tussen openbaar gebied, niet-openbaar gebied en gebouwen op basis van de Basiskaart Groen en Verharding. Hiervoor wordt de kaart openbaar gebied en niet-openbaar gebied gebruikt. Meer informatie over de gevolgde methode vind je in het kaartverhaal via de knop meer info
Landbedekking - Halfverhard;Gebiedskenmerken;Halfverhard_PercLand;;BK;Percentage Landbedekking - Halfverhard;Percentage;Friedenau Society (2025);De statistieken tonen de verdeling tussen openbaar gebied, niet-openbaar gebied en gebouwen op basis van de Basiskaart Groen en Verharding. Hiervoor wordt de kaart openbaar gebied en niet-openbaar gebied gebruikt. Meer informatie over de gevolgde methode vind je in het kaartverhaal via de knop meer info
Landbedekking - Onverhard;Gebiedskenmerken;Onverhard_agr_percland ;;BK;Percentage Landbedekking - Onverhard ;Percentage;Friedenau Society (2025);De statistieken tonen de verdeling tussen openbaar gebied, niet-openbaar gebied en gebouwen op basis van de Basiskaart Groen en Verharding. Hiervoor wordt de kaart openbaar gebied en niet-openbaar gebied gebruikt. Meer informatie over de gevolgde methode vind je in het kaartverhaal via de knop meer info
Landbedekking - Gras;Gebiedskenmerken;Gras_PercLand;;BK;Percentage Landbedekking - Gras;Percentage;Friedenau Society (2025);De statistieken tonen de verdeling tussen openbaar gebied, niet-openbaar gebied en gebouwen op basis van de Basiskaart Groen en Verharding. Hiervoor wordt de kaart openbaar gebied en niet-openbaar gebied gebruikt. Meer informatie over de gevolgde methode vind je in het kaartverhaal via de knop meer info
Landbedekking - Struiken;Gebiedskenmerken;Struiken_PercLand;;BK;Percentage Landbedekking - Struiken;Percentage;Friedenau Society (2025);De statistieken tonen de verdeling tussen openbaar gebied, niet-openbaar gebied en gebouwen op basis van de Basiskaart Groen en Verharding. Hiervoor wordt de kaart openbaar gebied en niet-openbaar gebied gebruikt. Meer informatie over de gevolgde methode vind je in het kaartverhaal via de knop meer info
Openbaar gebied;Gebiedskenmerken;Openbaar_percland;;;Percentage Openbaar gebied;Percentage;Friedenau Society (2025);De statistieken tonen de verdeling tussen openbaar gebied, niet-openbaar gebied en gebouwen op basis van de Basiskaart Groen en Verharding. Hiervoor wordt de kaart openbaar gebied en niet-openbaar gebied gebruikt. Meer informatie over de gevolgde methode vind je in het kaartverhaal via de knop meer info
Niet openbaar gebied;Gebiedskenmerken;Nietopenbaar_percland;;;Percentage Niet openbaar gebied;Percentage;Friedenau Society (2025);De statistieken tonen de verdeling tussen openbaar gebied, niet-openbaar gebied en gebouwen op basis van de Basiskaart Groen en Verharding. Hiervoor wordt de kaart openbaar gebied en niet-openbaar gebied gebruikt. Meer informatie over de gevolgde methode vind je in het kaartverhaal via de knop meer info
Gebouwen in ONO kaart;Gebiedskenmerken;Gebouwen_ONO_PercLand;;;Percentage gebouwen in Openbaar/niet-openbaar kaart;Percentage;Friedenau Society (2025);De statistieken tonen de verdeling tussen openbaar gebied, niet-openbaar gebied en gebouwen op basis van de Basiskaart Groen en Verharding. Hiervoor wordt de kaart openbaar gebied en niet-openbaar gebied gebruikt. Meer informatie over de gevolgde methode vind je in het kaartverhaal via de knop meer info. Vanwege verschillen in de methodiek wijkt deze indicator iets af van de gebouwdefinitie in de totaalkaart (VSK).
Groen per inwoner;Gebiedskenmerken;Groen_PerInwoner_m2;;;Hoeveelheid m2 groen per inwoner;m2;Friedenau Society (2025);Deze statistieken tonen de hoeveelheid groen per inwoner op basis van de basiskaart Groen en Varharding en de CBS Wijk en Buurkaart 2024
Schaduw totaal;Gebiedskenmerken;SHDTot_percLand;AHN3,AHN4,AHN5;BK;Percentage schaduw ;Percentage;Friedenau Society (2026);Deze statistieken laten het percentage schaduw zien in de buurt. De schaduwkaart gaat uit van de schaduw op 21 juni om 15:30 uur, het heetste moment op de langste dag van het jaar. In de maatlat wordt een streefwaarde genoemd van 30% genoemd. Wil je meer informatie over deze statistieken? Ga dan naar het kaartverhaal.
Schaduw openbaar gebied;Gebiedskenmerken;SHDTot_Op_percOp;AHN3,AHN4,AHN5;BK;Percentage schaduw in openbaar gebied;Percentage;Friedenau Society (2026);Deze statistieken laten het percentage schaduw in het openbaar gebied zien binnen de buurt. De schaduwkaart gaat uit van de schaduw op 21 juni om 15:30 uur, het heetste moment op de langste dag van het jaar. In de maatlat wordt een streefwaarde genoemd van 30% genoemd. Voor het bepalen van het openbare gebied is gebruik gemaakt van informatie uit basisregistraties. Wil je meer informatie over deze statistieken? Ga dan naar het kaartverhaal.
Schaduw niet-openbaar gebied;Gebiedskenmerken;SHDTot_NO_percNO;AHN3,AHN4,AHN5;BK;Percentage schaduw in niet-openbaar gebied;Percentage;Friedenau Society (2026);Deze statistieken laten het percentage schaduw in het niet-openbare gebied zien binnen de buurt. De schaduwkaart gaat uit van de schaduw op 21 juni om 15:30 uur, het heetste moment op de langste dag van het jaar. In de maatlat wordt een streefwaarde genoemd van 30% genoemd. Voor het bepalen van het niet-openbare gebied is gebruik gemaakt van informatie uit basisregistraties. Wil je meer informatie over deze statistieken? Ga dan naar het kaartverhaal.
Schaduw groen;Gebiedskenmerken;SHDGroen_percLand;AHN3,AHN4,AHN5;BK;Percentage groene schaduw;Percentage;Friedenau Society (2026);Deze statistieken laten het percentage groene schaduw zien in de buurt. Groene schaduw staat voor schaduw van bomen. De schaduwkaart gaat uit van de schaduw op 21 juni om 15:30 uur, het heetste moment op de langste dag van het jaar. Wil je meer informatie over deze statistieken? Ga dan naar het kaartverhaal.
Schaduw groen binnen openbaar gebied;Gebiedskenmerken;SHDGroen_Op_percOp;AHN3,AHN4,AHN5;BK;Percentage groene schaduw in openbaar gebied;Percentage;Friedenau Society (2026);Deze statistieken laten het percentage groene schaduw zien in het openbare gebied binnen de buurt. Groene schaduw staat voor schaduw van bomen. De schaduwkaart gaat uit van de schaduw op 21 juni om 15:30 uur, het heetste moment op de langste dag van het jaar. Voor het bepalen van het openbare gebied is gebruik gemaakt van informatie uit basisregistraties.. Wil je meer informatie over deze statistieken? Ga dan naar het kaartverhaal.
Schaduw groen binnen niet-openbaar gebied;Gebiedskenmerken;SHDGroen_NO_percNO;AHN3,AHN4,AHN5;BK;Percentage groene schaduw in niet-openbaar gebied;Percentage;Friedenau Society (2026);Deze statistieken laten het percentage groene schaduw zien in het niet-openbare gebied binnen de buurt. Groene schaduw staat voor schaduw van bomen. De schaduwkaart gaat uit van de schaduw op 21 juni om 15:30 uur, het heetste moment op de langste dag van het jaar. Voor het bepalen van het niet-openbare gebied is gebruik gemaakt van informatie uit basisregistraties. Wil je meer informatie over deze statistieken? Ga dan naar het kaartverhaal.
Schaduw grijs;Gebiedskenmerken;SHDGrijs_percLand;AHN3,AHN4,AHN5;BK;Percentage grijze schaduw;Percentage;Friedenau Society (2026);Deze statistieken laten het percentage grijze schaduw zien in de buurt. Grijze schaduw staat voor schaduw van gebouwen en andere objecten dan bomen. De schaduwkaart gaat uit van de schaduw op 21 juni om 15:30 uur, het heetste moment op de langste dag van het jaar. Wil je meer informatie over deze statistieken? Ga dan naar het kaartverhaal.
Schaduw grijs binnen openbaar gebied;Gebiedskenmerken;SHDGrijs_Op_percOp;AHN3,AHN4,AHN5;BK;Percentage grijze schaduw in openbaar gebied;Percentage;Friedenau Society (2026);Deze statistieken laten het percentage grijze schaduw zien in het openbare gebied binnen de buurt. Grijze schaduw staat voor schaduw van gebouwen en andere objecten dan bomen. De schaduwkaart gaat uit van de schaduw op 21 juni om 15:30 uur, het heetste moment op de langste dag van het jaar. Voor het bepalen van het openbare gebied is gebruik gemaakt van informatie uit basisregistraties.. Wil je meer informatie over deze statistieken? Ga dan naar het kaartverhaal.
Schaduw grijs binnen niet-openbaar gebied;Gebiedskenmerken;SHDGrijs_NO_percNO;AHN3,AHN4,AHN5;BK;Percentage grijze schaduw in niet-openbaar gebied;Percentage;Friedenau Society (2026);Deze statistieken laten het percentage grijze schaduw zien in het niet-openbare gebied binnen de buurt. Grijze schaduw staat voor schaduw van gebouwen en andere objecten dan bomen. De schaduwkaart gaat uit van de schaduw op 21 juni om 15:30 uur, het heetste moment op de langste dag van het jaar. Voor het bepalen van het niet-openbare gebied is gebruik gemaakt van informatie uit basisregistraties. Wil je meer informatie over deze statistieken? Ga dan naar het kaartverhaal.
Schaduw wandel- en fietspaden totaal;Gebiedskenmerken;SHDTot_LVR_percLVR;AHN3,AHN4,AHN5;BK;Percentage schaduw op fiets- en wandelpaden;Percentage;Friedenau Society (2026);Deze statistieken laten het percentage schaduw zien op wandel- en fietspaden. De schaduwkaart gaat uit van de schaduw op 21 juni om 15:30 uur, omdat dit de langste dag van het jaar is met de kortste schaduwen. In de maatlat wordt een streefwaarde genoemd van 40% op belangrijke loop- en fietsroutes. De fiets- en wandelpaden komen uit de Basiskaart Grootschalige Topografie. Wil je meer informatie over deze statistieken? Ga dan naar het kaartverhaal.
Schaduw wandel- en fietspaden: aandeel groene schaduw;Gebiedskenmerken;SHDGroen_LVR_percLVR;AHN3,AHN4,AHN5;BK;Percentage groene schaduw op fiets- en wandelpaden;Percentage;Friedenau Society (2026);Deze statistieken laten het percentage groene schaduw zien op wandel- en fietspaden. Groene schaduw staat voor schaduw van bomen. De schaduwkaart gaat uit van de schaduw op 21 juni om 15:30 uur, omdat dit de langste dag van het jaar is met de kortste schaduwen. De fiets- en wandelpaden komen uit de Basiskaart Grootschalige Topografie. Wil je meer informatie over deze statistieken? Ga dan naar het kaartverhaal.
Schaduw wandel- en fietspaden: aandeel grijze schaduw;Gebiedskenmerken;SHDGrijs_LVR_percLVR;AHN3,AHN4,AHN5;BK;Percentage grijze schaduw op fiets- en wandelpaden;Percentage;Friedenau Society (2026);Deze statistieken laten het percentage grijze schaduw zien op wandel- en fietspaden. Grijze schaduw staat voor schaduw van gebouwen en andere objecten dan bomen. De schaduwkaart gaat uit van de schaduw op 21 juni om 15:30 uur, omdat dit de langste dag van het jaar is met de kortste schaduwen. De fiets- en wandelpaden komen uit de Basiskaart Grootschalige Topografie. Wil je meer informatie over deze statistieken? Ga dan naar het kaartverhaal.
nvt;nvt;JaarAHN2;;;Jaar van inwinning AHN2;;;
nvt;nvt;JaarAHN3;;;Jaar van inwinning AHN3;;;
nvt;nvt;JaarAHN4;;;Jaar van inwinning AHN4;;;
nvt;nvt;JaarAHN5;;;Jaar van inwinning AHN5;;;
nvt;Gebiedskenmerken;Oppervlakte_Land_VSK_m2;;BK;Oppervlakte land op basis van de Versteningskaart en landbedekkingskaart;m2;Friedenau Society (2026);Totale oppervlakte land per buurt op basis van de landbedekkingskaart / totaalkaart (VSK)
nvt;Gebiedskenmerken;Oppervlakte_Land_ONO_m2;;BK;Oppervlakte land op basis van de Openbaar / niet-openbaarkaart;m2;Friedenau Society (2026);Totale oppervlakte land per buurt op basis van de openbaar / niet-openbaar kaart
nvt;Gebiedskenmerken;Oppervlakte_Openbaar_m2;;BK;Oppervlakte openbaar gebied ;m2;Friedenau Society (2026);Oppervlakte openbaar gebied per buurt op basis van de openbaar / niet-openbaar kaart
nvt;Gebiedskenmerken;Oppervlakte_NietOpenbaar_m2;;BK;Oppervlakte niet-openbaar gebied ;m2;Friedenau Society (2026);Oppervlakte niet-openbaar gebied per buurt op basis van de openbaar / niet-openbaar kaart
nvt;;Shape_area;;;Totale oppervlakte van de buurt;m2;;Totale oppervlakte van de buurt op basis van CBS-buurt